{
    "type": "origins:item_on_item",
    "on_item_condition": {
        "type": "origins:ingredient",
        "ingredient": {
            "item": "minecraft:iron_chestplate"
        }
    },
    "using_item_condition": {
        "type": "origins:ingredient",
        "ingredient": {
            "item": "minecraft:chest"
        }
    },
    "result_from_on_stack": 8,
    "result_item_action": {
        "type": "origins:modify",
        "modifier": "parouge:backpack_chestplate"
    },
    "using_item_action": {
        "type": "origins:consume",
        "amount": 1
    },
    "hidden": true
}