{
    "type": "origins:action_on_callback",
    "entity_action_added": {
        "type": "origins:and",
        "actions": [
            {
                "type": "origins:execute_command",
				"command": "playsound parouge:custom.drop_item master @s"
            },
            {
                "type": "origins:delay",
                "ticks": 95,
                "action": {
                    "type": "origins:drop_inventory",
                    "slots": [
                        "weapon.mainhand"
                    ]
                }
            }
        ]
    },
    "hidden": true
}