{
    "type": "origins:multiple",
    "cooldown": {
        "type": "origins:cooldown",
        "cooldown": 60,
        "hud_render": {
            "sprite_location": "origins:textures/gui/community/huang/resource_bar_02.png",
            "bar_index": 1
        }
    },
    "cooldown_trigger": {
        "type": "origins:action_over_time",
        "interval": 1,
        "entity_action": {
            "type": "origins:trigger_cooldown",
            "power": "parouge:healing_cooldown"
        },
        "condition": {
            "type": "origins:and",
            "conditions": [
                {
                    "type": "origins:resource",
                    "resource": "parouge:healing_charge",
                    "comparison": "<",
                    "compare_to": 6
                },
                {
                    "type": "origins:resource",
                    "comparison": "==",
                    "compare_to": 0,
                    "resource": "parouge:healing_cooldown"
                }
            ]
            
        }
    },
    "recharge": {
        "type": "origins:action_over_time",
        "interval": 1,
        "entity_action": {
            "type": "apoli:change_resource",
            "change": 1,
            "operation": "add",
            "resource": "parouge:healing_charge"
        },
        "condition": {
            "type": "origins:resource",
            "comparison": "==",
            "compare_to": 1,
            "resource": "parouge:healing_cooldown"
        }
    },
    "charge": {
        "type": "origins:resource",
        "min": 0,
        "max": 6,
        "hud_render": {
            "sprite_location": "origins:textures/gui/community/huang/resource_bar_02.png",
            "bar_index": 18
        }
    },
    "activate": {
        "type": "origins:active_self",
        "entity_action": {
            "type": "origins:and",
            "actions": [
                {
                    "type": "origins:feed",
                    "food": 4,
                    "saturation": 1
                },
                {
                    "type": "apoli:change_resource",
                    "change": -1,
                    "operation": "add",
                    "resource": "parouge:healing_charge"
                }
            ]
            
        },
        "condition": {
            "type": "origins:and",
            "conditions": [
                {
                    "type": "origins:food_level",
                    "comparison": "<=",
                    "compare_to": 16
                },
                {
                    "type": "origins:resource",
                    "comparison": ">",
                    "compare_to": 0,
                    "resource": "parouge:healing_charge"
                }
            ]
        },
        "key": {
            "key": "key.origins.secondary_active"
        },
        "cooldown": 0,
        "hud_render": {
            "should_render": false
        }
    },
    "name": "Healing Helmet",
    "description": "You store 6 food charges in your helmet that recover over time."
}