{
    "type": "origins:action_over_time",
    "entity_action": {
        "type": "origins:choice",
		"actions": [
			{
				"element": {
					"type": "origins:execute_command",
					"command": "playsound parouge:custom.lily_pad master @s"
				},
				"weight": 10
			},
			{
				"element": {    
					"type": "origins:execute_command",
					"command": "playsound parouge:custom.piston master @s"
				},
				"weight": 10
			},
			{
				"element": {
					"type": "origins:execute_command",
					"command": "playsound parouge:custom.cake master @s"
				},
				"weight": 10
			},
			{
				"element": {
					"type": "origins:execute_command",
					"command": "playsound parouge:custom.chest master @s"
				},
				"weight": 10
			},
			{
				"element": {
					"type": "origins:execute_command",
					"command": "playsound parouge:custom.hello master @s"
				},
				"weight": 10
			},
			{
				"element": {    
					"type": "origins:execute_command",
					"command": "playsound parouge:custom.hum master @s"
				},
				"weight": 10
			},
			{
				"element": {
					"type": "origins:execute_command",
					"command": "playsound parouge:custom.i_see_you master @s"
				},
				"weight": 10
			},
			{
				"element": {
					"type": "origins:execute_command",
					"command": "playsound parouge:custom.ill_be_right_there master @s"
				},
				"weight": 10
			},
			{
				"element": {
					"type": "origins:execute_command",
					"command": "playsound parouge:custom.im_behind_you master @s"
				},
				"weight": 10
			},
			{
				"element": {
					"type": "origins:execute_command",
					"command": "playsound parouge:custom.im_here master @s"
				},
				"weight": 10
			},
			{
				"element": {
					"type": "origins:execute_command",
					"command": "function parouge:move_player"
				},
				"weight": 10
			},
			{
				"element": {
					"type": "origins:execute_command",
					"command": "function parouge:drop_item"
				},
				"weight": 10
			},
			{
				"element": {
					"type": "origins:execute_command",
					"command": "function parouge:create_sign"
				},
				"weight": 10
			},
			{
				"element": {
					"type": "origins:execute_command",
					"command": "function parouge:init_no_hearts"
				},
				"weight": 10
			},
			{
				"element": {
					"type": "origins:execute_command",
					"command": "function parouge:summon_zombie"
				},
				"weight": 10
			},
			{
				"element": {
					"type": "origins:execute_command",
					"command": "function parouge:summon_creeper"
				},
				"weight": 10
			}
		]
    },
    "interval": 1200,
	"name": "Haunted Experience",
	"description": "You are haunted by a deceased spirit. You may get interrupted by her from time to time."
}