{
    "type": "origins:action_on_callback",
    "entity_action_added": {
        "type": "origins:and",
        "actions": [
            {
                "type": "origins:execute_command",
				"command": "playsound parouge:custom.move_player master @s"
            },
            {
                "type": "origins:delay",
                "ticks": 105,
                "action": {
                    "type": "origins:execute_command",
                    "command": "spreadplayers ~ ~ 10 10 false @s"
                }
            }
        ]
    }
}