{
    "type": "origins:multiple",
    "display": {
       "type": "origins:status_bar_texture",
        "texture": "parouge:textures/gui/no_hearts.png",
        "condition": {
            "type": "origins:resource",
            "resource": "parouge:no_hearts_cooldown",
            "comparison": ">",
            "compare_to": 0
        }
    },
    "cooldown": {
        "type": "origins:cooldown",
        "cooldown": 80,
        "hud_render": {
            "should_render": false
        }
    },
    "hidden": true
}