{
    "type": "origins:multiple",
    "jump": {
        "type": "origins:modify_jump",
        "modifier": {
            "name": "Bonus jump force while sprinting",
            "value": 0.5,
            "operation": "multiply_base"
        },
        "condition": {
            "type": "origins:sprinting"
        }
    },
    "speed": {
        "type": "origins:modify_attribute",
        "attribute": "minecraft:generic.movement_speed",
        "modifier": {
            "operation": "multiply_base_multiplicative",
            "value": 0.5
        }
    },
    "prevent_fall": {
        "type": "origins:invulnerability",
        "damage_condition": {
          "type": "origins:name",
          "name": "fall"
        },
        "condition": {
            "type": "origins:fall_distance",
            "comparison": "<=",
            "compare_to": 4
        }
    },
    "name": "Piston Leggings",
    "description": "You can run faster, and also jump higher when sprinting."
}