{
    "type": "origins:walk_on_fluid",
    "fluid": "minecraft:water",
    "condition": {
        "type": "origins:and",
        "conditions": [
            {
                "type": "origins:fluid_height",
                "fluid": "minecraft:water",
                "comparison": "<=",
                "compare_to": 0.4
            },
            {
                "type": "origins:sneaking",
                "inverted": true
            }
        ]
    },
    "name": "Lily Boots",
    "description": "You can walk on water, but sink when you sneak."
}