{
    "type": "origins:action_over_time",
    "interval": 1,
    "rising_action": {
        "type": "origins:execute_command",
        "command": "function robin_submariner:create_boat"
    },
    "entity_action": {
        "type": "origins:execute_command",
        "command": "execute as @e[type=armor_stand,tag=ship,limit=1,sort=nearest] run function robin_submariner:rotation"
    },
    "falling_action": {
        "type": "origins:execute_command",
        "command": "kill @e[type=armor_stand,tag=ship,limit=1,sort=nearest]"
    },
    "condition": {
        "type": "origins:swimming"
    },
    "name": "Sub Mode",
    "description": "Instead of going into swimming mode, you enter submarine mode."
}