{
    "type": "origins:active_self",
    "entity_action": {
        "type": "origins:and",
        "actions": [
            {
                "type": "origins:area_of_effect",
                "radius": 8,
                "bientity_action": {
                    "type": "origins:and",
                    "actions": [
                        {
                            "type": "origins:actor_action",
                            "action": {
                                "type": "origins:choice",
                                "actions": [
                                    {
                                        "element": {
                                            "type": "origins:grant_power",
                                            "power": "robin_submariner:treasure/add_treasure_food",
                                            "source": "robin_submariner:treasure_get"
                                        },
                                        "weight": 25
                                    },
                                    {
                                        "element": {
                                            "type": "origins:grant_power",
                                            "power": "robin_submariner:treasure/add_treasure_minerals",
                                            "source": "robin_submariner:treasure_get"
                                        },
                                        "weight": 25
                                    },
                                    {
                                        "element": {
                                            "type": "origins:grant_power",
                                            "power": "robin_submariner:treasure/add_treasure_building",
                                            "source": "robin_submariner:treasure_get"
                                        },
                                        "weight": 25
                                    },
                                    {
                                        "element": {
                                            "type": "origins:grant_power",
                                            "power": "robin_submariner:treasure/add_treasure_tools",
                                            "source": "robin_submariner:treasure_get"
                                        },
                                        "weight": 25
                                    },
                                    {
                                        "element": {
                                            "type": "origins:grant_power",
                                            "power": "robin_submariner:treasure/add_treasure_rarities",
                                            "source": "robin_submariner:treasure_get"
                                        },
                                        "weight": 1
                                    }
                                ]
                            }
                        },
                        {
                            "type": "origins:target_action",
                            "action": {
                                "type": "origins:execute_command",
                                "command": "kill @s"
                            }
                        }
                    ]
                },
                "bientity_condition": {
                    "type": "origins:target_condition",
                    "condition": {
                        "type": "origins:nbt",
                        "nbt": "{Tags: ['treasure']}"
                    }
                }
            },
            {
                "type": "origins:execute_command",
                "command": "function robin_submariner:demo/animate"
            }
        ]
    },
	"condition": {
		"type": "origins:swimming"
	},
	"key": {
		"key": "key.origins.primary_active",
		"continuous": true
	},
    "cooldown": 0,
    "hud_render": {
        "should_render": false
    },
    "name": "Sonar Sensor",
    "description": "Fires a sonar beam that will collect nearby treasure"
}