{
	"credit": "Made with Blockbench",
	"textures": {
		"10": "block/green_terracotta",
		"11": "block/green_wool",
		"12": "block/green_concrete",
		"13": "block/black_terracotta",
		"14": "block/nether_bricks"
	},
	"elements": [
		{
			"from": [7.25, 0, 5],
			"to": [7.75, 0.5, 5.5],
			"shade": false,
			"faces": {
				"north": {"uv": [0, 0, 16, 16], "texture": "#10"},
				"west": {"uv": [0, 0, 16, 16], "texture": "#10"},
				"down": {"uv": [0, 0, 16, 16], "texture": "#10"}
			}
		},
		{
			"from": [7.25, 0, 5.5],
			"to": [7.75, 0.5, 6],
			"shade": false,
			"faces": {
				"west": {"uv": [0, 0, 16, 16], "texture": "#10"},
				"down": {"uv": [0, 0, 16, 16], "texture": "#10"}
			}
		},
		{
			"from": [7.25, 0, 6],
			"to": [7.75, 0.5, 6.5],
			"shade": false,
			"faces": {
				"west": {"uv": [0, 0, 16, 16], "texture": "#10"},
				"down": {"uv": [0, 0, 16, 16], "texture": "#10"}
			}
		},
		{
			"from": [7.25, 0, 6.5],
			"to": [7.75, 0.5, 7],
			"shade": false,
			"faces": {
				"west": {"uv": [0, 0, 16, 16], "texture": "#10"},
				"down": {"uv": [0, 0, 16, 16], "texture": "#10"}
			}
		},
		{
			"from": [7.25, 0, 7],
			"to": [7.75, 0.5, 7.5],
			"shade": false,
			"faces": {
				"west": {"uv": [0, 0, 16, 16], "texture": "#10"},
				"down": {"uv": [0, 0, 16, 16], "texture": "#10"}
			}
		},
		{
			"from": [7.25, 0, 7.5],
			"to": [7.75, 0.5, 8],
			"shade": false,
			"faces": {
				"west": {"uv": [0, 0, 16, 16], "texture": "#10"},
				"down": {"uv": [0, 0, 16, 16], "texture": "#10"}
			}
		},
		{
			"from": [7.25, 0, 8],
			"to": [7.75, 0.5, 8.5],
			"shade": false,
			"faces": {
				"west": {"uv": [0, 0, 16, 16], "texture": "#10"},
				"down": {"uv": [0, 0, 16, 16], "texture": "#10"}
			}
		},
		{
			"from": [7.25, 0, 8.5],
			"to": [7.75, 0.5, 9],
			"shade": false,
			"faces": {
				"west": {"uv": [0, 0, 16, 16], "texture": "#10"},
				"down": {"uv": [0, 0, 16, 16], "texture": "#10"}
			}
		},
		{
			"from": [7.25, 0, 9],
			"to": [7.75, 0.5, 9.5],
			"shade": false,
			"faces": {
				"west": {"uv": [0, 0, 16, 16], "texture": "#10"},
				"down": {"uv": [0, 0, 16, 16], "texture": "#10"}
			}
		},
		{
			"from": [7.25, 0, 9.5],
			"to": [7.75, 0.5, 10],
			"shade": false,
			"faces": {
				"south": {"uv": [0, 0, 16, 16], "texture": "#10"},
				"west": {"uv": [0, 0, 16, 16], "texture": "#10"},
				"down": {"uv": [0, 0, 16, 16], "texture": "#10"}
			}
		},
		{
			"from": [7.75, 0, 4.5],
			"to": [8.25, 0.5, 5],
			"shade": false,
			"faces": {
				"north": {"uv": [0, 0, 16, 16], "texture": "#10"},
				"east": {"uv": [0, 0, 16, 16], "texture": "#10"},
				"west": {"uv": [0, 0, 16, 16], "texture": "#10"},
				"down": {"uv": [0, 0, 16, 16], "texture": "#10"}
			}
		},
		{
			"from": [7.75, 0, 5],
			"to": [8.25, 0.5, 5.5],
			"shade": false,
			"faces": {
				"down": {"uv": [0, 0, 16, 16], "texture": "#10"}
			}
		},
		{
			"from": [7.75, 0, 5.5],
			"to": [8.25, 0.5, 6],
			"shade": false,
			"faces": {
				"down": {"uv": [0, 0, 16, 16], "texture": "#10"}
			}
		},
		{
			"from": [7.75, 0, 6],
			"to": [8.25, 0.5, 6.5],
			"shade": false,
			"faces": {
				"down": {"uv": [0, 0, 16, 16], "texture": "#10"}
			}
		},
		{
			"from": [7.75, 0, 6.5],
			"to": [8.25, 0.5, 7],
			"shade": false,
			"faces": {
				"down": {"uv": [0, 0, 16, 16], "texture": "#10"}
			}
		},
		{
			"from": [7.75, 0, 7],
			"to": [8.25, 0.5, 7.5],
			"shade": false,
			"faces": {
				"down": {"uv": [0, 0, 16, 16], "texture": "#10"}
			}
		},
		{
			"from": [7.75, 0, 7.5],
			"to": [8.25, 0.5, 8],
			"shade": false,
			"faces": {
				"down": {"uv": [0, 0, 16, 16], "texture": "#10"}
			}
		},
		{
			"from": [7.75, 0, 8],
			"to": [8.25, 0.5, 8.5],
			"shade": false,
			"faces": {
				"down": {"uv": [0, 0, 16, 16], "texture": "#10"}
			}
		},
		{
			"from": [7.75, 0, 8.5],
			"to": [8.25, 0.5, 9],
			"shade": false,
			"faces": {
				"down": {"uv": [0, 0, 16, 16], "texture": "#10"}
			}
		},
		{
			"from": [7.75, 0, 9],
			"to": [8.25, 0.5, 9.5],
			"shade": false,
			"faces": {
				"down": {"uv": [0, 0, 16, 16], "texture": "#10"}
			}
		},
		{
			"from": [7.75, 0, 9.5],
			"to": [8.25, 0.5, 10],
			"shade": false,
			"faces": {
				"south": {"uv": [0, 0, 16, 16], "texture": "#10"},
				"down": {"uv": [0, 0, 16, 16], "texture": "#10"}
			}
		},
		{
			"from": [8.25, 0, 5],
			"to": [8.75, 0.5, 5.5],
			"shade": false,
			"faces": {
				"north": {"uv": [0, 0, 16, 16], "texture": "#10"},
				"east": {"uv": [0, 0, 16, 16], "texture": "#10"},
				"down": {"uv": [0, 0, 16, 16], "texture": "#10"}
			}
		},
		{
			"from": [8.25, 0, 5.5],
			"to": [8.75, 0.5, 6],
			"shade": false,
			"faces": {
				"east": {"uv": [0, 0, 16, 16], "texture": "#10"},
				"down": {"uv": [0, 0, 16, 16], "texture": "#10"}
			}
		},
		{
			"from": [8.25, 0, 6],
			"to": [8.75, 0.5, 6.5],
			"shade": false,
			"faces": {
				"east": {"uv": [0, 0, 16, 16], "texture": "#10"},
				"down": {"uv": [0, 0, 16, 16], "texture": "#10"}
			}
		},
		{
			"from": [8.25, 0, 6.5],
			"to": [8.75, 0.5, 7],
			"shade": false,
			"faces": {
				"east": {"uv": [0, 0, 16, 16], "texture": "#10"},
				"down": {"uv": [0, 0, 16, 16], "texture": "#10"}
			}
		},
		{
			"from": [8.25, 0, 7],
			"to": [8.75, 0.5, 7.5],
			"shade": false,
			"faces": {
				"east": {"uv": [0, 0, 16, 16], "texture": "#10"},
				"down": {"uv": [0, 0, 16, 16], "texture": "#10"}
			}
		},
		{
			"from": [8.25, 0, 7.5],
			"to": [8.75, 0.5, 8],
			"shade": false,
			"faces": {
				"east": {"uv": [0, 0, 16, 16], "texture": "#10"},
				"down": {"uv": [0, 0, 16, 16], "texture": "#10"}
			}
		},
		{
			"from": [8.25, 0, 8],
			"to": [8.75, 0.5, 8.5],
			"shade": false,
			"faces": {
				"east": {"uv": [0, 0, 16, 16], "texture": "#10"},
				"down": {"uv": [0, 0, 16, 16], "texture": "#10"}
			}
		},
		{
			"from": [8.25, 0, 8.5],
			"to": [8.75, 0.5, 9],
			"shade": false,
			"faces": {
				"east": {"uv": [0, 0, 16, 16], "texture": "#10"},
				"down": {"uv": [0, 0, 16, 16], "texture": "#10"}
			}
		},
		{
			"from": [8.25, 0, 9],
			"to": [8.75, 0.5, 9.5],
			"shade": false,
			"faces": {
				"east": {"uv": [0, 0, 16, 16], "texture": "#10"},
				"down": {"uv": [0, 0, 16, 16], "texture": "#10"}
			}
		},
		{
			"from": [8.25, 0, 9.5],
			"to": [8.75, 0.5, 10],
			"shade": false,
			"faces": {
				"east": {"uv": [0, 0, 16, 16], "texture": "#10"},
				"south": {"uv": [0, 0, 16, 16], "texture": "#10"},
				"down": {"uv": [0, 0, 16, 16], "texture": "#10"}
			}
		},
		{
			"from": [6.75, 0.5, 4.5],
			"to": [7.25, 1, 5],
			"shade": false,
			"faces": {
				"north": {"uv": [0, 0, 16, 16], "texture": "#10"},
				"west": {"uv": [0, 0, 16, 16], "texture": "#10"},
				"down": {"uv": [0, 0, 16, 16], "texture": "#10"}
			}
		},
		{
			"from": [6.75, 0.5, 5],
			"to": [7.25, 1, 5.5],
			"shade": false,
			"faces": {
				"west": {"uv": [0, 0, 16, 16], "texture": "#10"},
				"down": {"uv": [0, 0, 16, 16], "texture": "#10"}
			}
		},
		{
			"from": [6.75, 0.5, 5.5],
			"to": [7.25, 1, 6],
			"shade": false,
			"faces": {
				"west": {"uv": [0, 0, 16, 16], "texture": "#10"},
				"down": {"uv": [0, 0, 16, 16], "texture": "#10"}
			}
		},
		{
			"from": [6.75, 0.5, 6],
			"to": [7.25, 1, 6.5],
			"shade": false,
			"faces": {
				"west": {"uv": [0, 0, 16, 16], "texture": "#10"},
				"down": {"uv": [0, 0, 16, 16], "texture": "#10"}
			}
		},
		{
			"from": [6.75, 0.5, 6.5],
			"to": [7.25, 1, 7],
			"shade": false,
			"faces": {
				"west": {"uv": [0, 0, 16, 16], "texture": "#10"},
				"down": {"uv": [0, 0, 16, 16], "texture": "#10"}
			}
		},
		{
			"from": [6.75, 0.5, 7],
			"to": [7.25, 1, 7.5],
			"shade": false,
			"faces": {
				"west": {"uv": [0, 0, 16, 16], "texture": "#10"},
				"down": {"uv": [0, 0, 16, 16], "texture": "#10"}
			}
		},
		{
			"from": [6.75, 0.5, 7.5],
			"to": [7.25, 1, 8],
			"shade": false,
			"faces": {
				"west": {"uv": [0, 0, 16, 16], "texture": "#10"},
				"down": {"uv": [0, 0, 16, 16], "texture": "#10"}
			}
		},
		{
			"from": [6.75, 0.5, 8],
			"to": [7.25, 1, 8.5],
			"shade": false,
			"faces": {
				"west": {"uv": [0, 0, 16, 16], "texture": "#10"},
				"down": {"uv": [0, 0, 16, 16], "texture": "#10"}
			}
		},
		{
			"from": [6.75, 0.5, 8.5],
			"to": [7.25, 1, 9],
			"shade": false,
			"faces": {
				"west": {"uv": [0, 0, 16, 16], "texture": "#10"},
				"down": {"uv": [0, 0, 16, 16], "texture": "#10"}
			}
		},
		{
			"from": [6.75, 0.5, 9],
			"to": [7.25, 1, 9.5],
			"shade": false,
			"faces": {
				"west": {"uv": [0, 0, 16, 16], "texture": "#10"},
				"down": {"uv": [0, 0, 16, 16], "texture": "#10"}
			}
		},
		{
			"from": [6.75, 0.5, 9.5],
			"to": [7.25, 1, 10],
			"shade": false,
			"faces": {
				"south": {"uv": [0, 0, 16, 16], "texture": "#10"},
				"west": {"uv": [0, 0, 16, 16], "texture": "#10"},
				"down": {"uv": [0, 0, 16, 16], "texture": "#10"}
			}
		},
		{
			"from": [7.25, 0.5, 4],
			"to": [7.75, 1, 4.5],
			"shade": false,
			"faces": {
				"north": {"uv": [0, 0, 16, 16], "texture": "#10"},
				"west": {"uv": [0, 0, 16, 16], "texture": "#10"},
				"down": {"uv": [0, 0, 16, 16], "texture": "#10"}
			}
		},
		{
			"from": [7.25, 0.5, 4.5],
			"to": [7.75, 1, 5],
			"shade": false,
			"faces": {
				"down": {"uv": [0, 0, 16, 16], "texture": "#10"}
			}
		},
		{
			"from": [7.25, 0.5, 10],
			"to": [7.75, 1, 10.5],
			"shade": false,
			"faces": {
				"west": {"uv": [0, 0, 16, 16], "texture": "#10"},
				"down": {"uv": [0, 0, 16, 16], "texture": "#10"}
			}
		},
		{
			"from": [7.25, 0.5, 10.5],
			"to": [7.75, 1, 11],
			"shade": false,
			"faces": {
				"south": {"uv": [0, 0, 16, 16], "texture": "#10"},
				"west": {"uv": [0, 0, 16, 16], "texture": "#10"},
				"down": {"uv": [0, 0, 16, 16], "texture": "#10"}
			}
		},
		{
			"from": [7.75, 0.5, 3.5],
			"to": [8.25, 1, 4],
			"shade": false,
			"faces": {
				"north": {"uv": [0, 0, 16, 16], "texture": "#10"},
				"east": {"uv": [0, 0, 16, 16], "texture": "#10"},
				"west": {"uv": [0, 0, 16, 16], "texture": "#10"},
				"down": {"uv": [0, 0, 16, 16], "texture": "#10"}
			}
		},
		{
			"from": [7.75, 0.5, 4],
			"to": [8.25, 1, 4.5],
			"shade": false,
			"faces": {
				"down": {"uv": [0, 0, 16, 16], "texture": "#10"}
			}
		},
		{
			"from": [7.75, 0.5, 10],
			"to": [8.25, 1, 10.5],
			"shade": false,
			"faces": {
				"down": {"uv": [0, 0, 16, 16], "texture": "#10"}
			}
		},
		{
			"from": [7.75, 0.5, 10.5],
			"to": [8.25, 1, 11],
			"shade": false,
			"faces": {
				"down": {"uv": [0, 0, 16, 16], "texture": "#10"}
			}
		},
		{
			"from": [7.75, 0.5, 11],
			"to": [8.25, 1, 11.5],
			"shade": false,
			"faces": {
				"east": {"uv": [0, 0, 16, 16], "texture": "#10"},
				"west": {"uv": [0, 0, 16, 16], "texture": "#10"},
				"down": {"uv": [0, 0, 16, 16], "texture": "#10"}
			}
		},
		{
			"from": [7.75, 0.5, 11.5],
			"to": [8.25, 1, 12],
			"shade": false,
			"faces": {
				"east": {"uv": [0, 0, 16, 16], "texture": "#10"},
				"west": {"uv": [0, 0, 16, 16], "texture": "#10"},
				"down": {"uv": [0, 0, 16, 16], "texture": "#10"}
			}
		},
		{
			"from": [7.75, 0.5, 12],
			"to": [8.25, 1, 12.5],
			"shade": false,
			"faces": {
				"east": {"uv": [0, 0, 16, 16], "texture": "#10"},
				"south": {"uv": [0, 0, 16, 16], "texture": "#10"},
				"west": {"uv": [0, 0, 16, 16], "texture": "#10"},
				"down": {"uv": [0, 0, 16, 16], "texture": "#10"}
			}
		},
		{
			"from": [8.25, 0.5, 4],
			"to": [8.75, 1, 4.5],
			"shade": false,
			"faces": {
				"north": {"uv": [0, 0, 16, 16], "texture": "#10"},
				"east": {"uv": [0, 0, 16, 16], "texture": "#10"},
				"down": {"uv": [0, 0, 16, 16], "texture": "#10"}
			}
		},
		{
			"from": [8.25, 0.5, 4.5],
			"to": [8.75, 1, 5],
			"shade": false,
			"faces": {
				"down": {"uv": [0, 0, 16, 16], "texture": "#10"}
			}
		},
		{
			"from": [8.25, 0.5, 10],
			"to": [8.75, 1, 10.5],
			"shade": false,
			"faces": {
				"east": {"uv": [0, 0, 16, 16], "texture": "#10"},
				"down": {"uv": [0, 0, 16, 16], "texture": "#10"}
			}
		},
		{
			"from": [8.25, 0.5, 10.5],
			"to": [8.75, 1, 11],
			"shade": false,
			"faces": {
				"east": {"uv": [0, 0, 16, 16], "texture": "#10"},
				"south": {"uv": [0, 0, 16, 16], "texture": "#10"},
				"down": {"uv": [0, 0, 16, 16], "texture": "#10"}
			}
		},
		{
			"from": [8.75, 0.5, 4.5],
			"to": [9.25, 1, 5],
			"shade": false,
			"faces": {
				"north": {"uv": [0, 0, 16, 16], "texture": "#10"},
				"east": {"uv": [0, 0, 16, 16], "texture": "#10"},
				"down": {"uv": [0, 0, 16, 16], "texture": "#10"}
			}
		},
		{
			"from": [8.75, 0.5, 5],
			"to": [9.25, 1, 5.5],
			"shade": false,
			"faces": {
				"east": {"uv": [0, 0, 16, 16], "texture": "#10"},
				"down": {"uv": [0, 0, 16, 16], "texture": "#10"}
			}
		},
		{
			"from": [8.75, 0.5, 5.5],
			"to": [9.25, 1, 6],
			"shade": false,
			"faces": {
				"east": {"uv": [0, 0, 16, 16], "texture": "#10"},
				"down": {"uv": [0, 0, 16, 16], "texture": "#10"}
			}
		},
		{
			"from": [8.75, 0.5, 6],
			"to": [9.25, 1, 6.5],
			"shade": false,
			"faces": {
				"east": {"uv": [0, 0, 16, 16], "texture": "#10"},
				"down": {"uv": [0, 0, 16, 16], "texture": "#10"}
			}
		},
		{
			"from": [8.75, 0.5, 6.5],
			"to": [9.25, 1, 7],
			"shade": false,
			"faces": {
				"east": {"uv": [0, 0, 16, 16], "texture": "#10"},
				"down": {"uv": [0, 0, 16, 16], "texture": "#10"}
			}
		},
		{
			"from": [8.75, 0.5, 7],
			"to": [9.25, 1, 7.5],
			"shade": false,
			"faces": {
				"east": {"uv": [0, 0, 16, 16], "texture": "#10"},
				"down": {"uv": [0, 0, 16, 16], "texture": "#10"}
			}
		},
		{
			"from": [8.75, 0.5, 7.5],
			"to": [9.25, 1, 8],
			"shade": false,
			"faces": {
				"east": {"uv": [0, 0, 16, 16], "texture": "#10"},
				"down": {"uv": [0, 0, 16, 16], "texture": "#10"}
			}
		},
		{
			"from": [8.75, 0.5, 8],
			"to": [9.25, 1, 8.5],
			"shade": false,
			"faces": {
				"east": {"uv": [0, 0, 16, 16], "texture": "#10"},
				"down": {"uv": [0, 0, 16, 16], "texture": "#10"}
			}
		},
		{
			"from": [8.75, 0.5, 8.5],
			"to": [9.25, 1, 9],
			"shade": false,
			"faces": {
				"east": {"uv": [0, 0, 16, 16], "texture": "#10"},
				"down": {"uv": [0, 0, 16, 16], "texture": "#10"}
			}
		},
		{
			"from": [8.75, 0.5, 9],
			"to": [9.25, 1, 9.5],
			"shade": false,
			"faces": {
				"east": {"uv": [0, 0, 16, 16], "texture": "#10"},
				"down": {"uv": [0, 0, 16, 16], "texture": "#10"}
			}
		},
		{
			"from": [8.75, 0.5, 9.5],
			"to": [9.25, 1, 10],
			"shade": false,
			"faces": {
				"east": {"uv": [0, 0, 16, 16], "texture": "#10"},
				"south": {"uv": [0, 0, 16, 16], "texture": "#10"},
				"down": {"uv": [0, 0, 16, 16], "texture": "#10"}
			}
		},
		{
			"from": [6.25, 1, 5],
			"to": [6.75, 1.5, 5.5],
			"shade": false,
			"faces": {
				"north": {"uv": [0, 0, 16, 16], "texture": "#10"},
				"west": {"uv": [0, 0, 16, 16], "texture": "#10"},
				"down": {"uv": [0, 0, 16, 16], "texture": "#10"}
			}
		},
		{
			"from": [6.25, 1, 5.5],
			"to": [6.75, 1.5, 6],
			"shade": false,
			"faces": {
				"west": {"uv": [0, 0, 16, 16], "texture": "#10"},
				"down": {"uv": [0, 0, 16, 16], "texture": "#10"}
			}
		},
		{
			"from": [6.25, 1, 6],
			"to": [6.75, 1.5, 6.5],
			"shade": false,
			"faces": {
				"west": {"uv": [0, 0, 16, 16], "texture": "#10"},
				"down": {"uv": [0, 0, 16, 16], "texture": "#10"}
			}
		},
		{
			"from": [6.25, 1, 6.5],
			"to": [6.75, 1.5, 7],
			"shade": false,
			"faces": {
				"west": {"uv": [0, 0, 16, 16], "texture": "#10"},
				"down": {"uv": [0, 0, 16, 16], "texture": "#10"}
			}
		},
		{
			"from": [6.25, 1, 7],
			"to": [6.75, 1.5, 7.5],
			"shade": false,
			"faces": {
				"west": {"uv": [0, 0, 16, 16], "texture": "#10"},
				"down": {"uv": [0, 0, 16, 16], "texture": "#10"}
			}
		},
		{
			"from": [6.25, 1, 7.5],
			"to": [6.75, 1.5, 8],
			"shade": false,
			"faces": {
				"west": {"uv": [0, 0, 16, 16], "texture": "#10"},
				"down": {"uv": [0, 0, 16, 16], "texture": "#10"}
			}
		},
		{
			"from": [6.25, 1, 8],
			"to": [6.75, 1.5, 8.5],
			"shade": false,
			"faces": {
				"west": {"uv": [0, 0, 16, 16], "texture": "#10"},
				"down": {"uv": [0, 0, 16, 16], "texture": "#10"}
			}
		},
		{
			"from": [6.25, 1, 8.5],
			"to": [6.75, 1.5, 9],
			"shade": false,
			"faces": {
				"west": {"uv": [0, 0, 16, 16], "texture": "#10"},
				"down": {"uv": [0, 0, 16, 16], "texture": "#10"}
			}
		},
		{
			"from": [6.25, 1, 9],
			"to": [6.75, 1.5, 9.5],
			"shade": false,
			"faces": {
				"west": {"uv": [0, 0, 16, 16], "texture": "#10"},
				"down": {"uv": [0, 0, 16, 16], "texture": "#10"}
			}
		},
		{
			"from": [6.25, 1, 9.5],
			"to": [6.75, 1.5, 10],
			"shade": false,
			"faces": {
				"south": {"uv": [0, 0, 16, 16], "texture": "#10"},
				"west": {"uv": [0, 0, 16, 16], "texture": "#10"},
				"down": {"uv": [0, 0, 16, 16], "texture": "#10"}
			}
		},
		{
			"from": [6.25, 1, 12.5],
			"to": [6.75, 1.5, 13],
			"shade": false,
			"faces": {
				"north": {"uv": [0, 0, 16, 16], "texture": "#11"},
				"south": {"uv": [0, 0, 16, 16], "texture": "#11"},
				"west": {"uv": [0, 0, 16, 16], "texture": "#11"},
				"up": {"uv": [0, 0, 16, 16], "texture": "#11"},
				"down": {"uv": [0, 0, 16, 16], "texture": "#11"}
			}
		},
		{
			"from": [6.75, 1, 4],
			"to": [7.25, 1.5, 4.5],
			"shade": false,
			"faces": {
				"north": {"uv": [0, 0, 16, 16], "texture": "#12"},
				"west": {"uv": [0, 0, 16, 16], "texture": "#12"},
				"down": {"uv": [0, 0, 16, 16], "texture": "#12"}
			}
		},
		{
			"from": [6.75, 1, 4.5],
			"to": [7.25, 1.5, 5],
			"shade": false,
			"faces": {
				"west": {"uv": [0, 0, 16, 16], "texture": "#10"}
			}
		},
		{
			"from": [6.75, 1, 10],
			"to": [7.25, 1.5, 10.5],
			"shade": false,
			"faces": {
				"west": {"uv": [0, 0, 16, 16], "texture": "#10"},
				"down": {"uv": [0, 0, 16, 16], "texture": "#10"}
			}
		},
		{
			"from": [6.75, 1, 10.5],
			"to": [7.25, 1.5, 11],
			"shade": false,
			"faces": {
				"south": {"uv": [0, 0, 16, 16], "texture": "#10"},
				"west": {"uv": [0, 0, 16, 16], "texture": "#10"},
				"down": {"uv": [0, 0, 16, 16], "texture": "#10"}
			}
		},
		{
			"from": [6.75, 1, 12],
			"to": [7.25, 1.5, 12.5],
			"shade": false,
			"faces": {
				"north": {"uv": [0, 0, 16, 16], "texture": "#11"},
				"west": {"uv": [0, 0, 16, 16], "texture": "#11"},
				"up": {"uv": [0, 0, 16, 16], "texture": "#11"},
				"down": {"uv": [0, 0, 16, 16], "texture": "#11"}
			}
		},
		{
			"from": [6.75, 1, 12.5],
			"to": [7.25, 1.5, 13],
			"shade": false,
			"faces": {
				"south": {"uv": [0, 0, 16, 16], "texture": "#10"},
				"up": {"uv": [0, 0, 16, 16], "texture": "#10"},
				"down": {"uv": [0, 0, 16, 16], "texture": "#10"}
			}
		},
		{
			"from": [7.25, 1, 3.5],
			"to": [7.75, 1.5, 4],
			"shade": false,
			"faces": {
				"north": {"uv": [0, 0, 16, 16], "texture": "#12"},
				"west": {"uv": [0, 0, 16, 16], "texture": "#12"},
				"down": {"uv": [0, 0, 16, 16], "texture": "#12"}
			}
		},
		{
			"from": [7.25, 1, 11],
			"to": [7.75, 1.5, 11.5],
			"shade": false,
			"faces": {
				"west": {"uv": [0, 0, 16, 16], "texture": "#10"},
				"down": {"uv": [0, 0, 16, 16], "texture": "#10"}
			}
		},
		{
			"from": [7.25, 1, 11.5],
			"to": [7.75, 1.5, 12],
			"shade": false,
			"faces": {
				"west": {"uv": [0, 0, 16, 16], "texture": "#10"},
				"down": {"uv": [0, 0, 16, 16], "texture": "#10"}
			}
		},
		{
			"from": [7.25, 1, 12],
			"to": [7.75, 1.5, 12.5],
			"shade": false,
			"faces": {
				"up": {"uv": [0, 0, 16, 16], "texture": "#10"},
				"down": {"uv": [0, 0, 16, 16], "texture": "#10"}
			}
		},
		{
			"from": [7.25, 1, 12.5],
			"to": [7.75, 1.5, 13],
			"shade": false,
			"faces": {
				"south": {"uv": [0, 0, 16, 16], "texture": "#10"},
				"up": {"uv": [0, 0, 16, 16], "texture": "#10"},
				"down": {"uv": [0, 0, 16, 16], "texture": "#10"}
			}
		},
		{
			"from": [7.75, 1, 3],
			"to": [8.25, 1.5, 3.5],
			"shade": false,
			"faces": {
				"north": {"uv": [0, 0, 16, 16], "texture": "#12"},
				"east": {"uv": [0, 0, 16, 16], "texture": "#12"},
				"west": {"uv": [0, 0, 16, 16], "texture": "#12"},
				"down": {"uv": [0, 0, 16, 16], "texture": "#12"}
			}
		},
		{
			"from": [7.75, 1, 12.5],
			"to": [8.25, 1.5, 13],
			"shade": false,
			"faces": {
				"south": {"uv": [0, 0, 16, 16], "texture": "#13"},
				"down": {"uv": [0, 0, 16, 16], "texture": "#13"}
			}
		},
		{
			"from": [8.25, 1, 3.5],
			"to": [8.75, 1.5, 4],
			"shade": false,
			"faces": {
				"north": {"uv": [0, 0, 16, 16], "texture": "#12"},
				"east": {"uv": [0, 0, 16, 16], "texture": "#12"},
				"down": {"uv": [0, 0, 16, 16], "texture": "#12"}
			}
		},
		{
			"from": [8.25, 1, 11],
			"to": [8.75, 1.5, 11.5],
			"shade": false,
			"faces": {
				"east": {"uv": [0, 0, 16, 16], "texture": "#10"},
				"down": {"uv": [0, 0, 16, 16], "texture": "#10"}
			}
		},
		{
			"from": [8.25, 1, 11.5],
			"to": [8.75, 1.5, 12],
			"shade": false,
			"faces": {
				"east": {"uv": [0, 0, 16, 16], "texture": "#10"},
				"down": {"uv": [0, 0, 16, 16], "texture": "#10"}
			}
		},
		{
			"from": [8.25, 1, 12],
			"to": [8.75, 1.5, 12.5],
			"shade": false,
			"faces": {
				"up": {"uv": [0, 0, 16, 16], "texture": "#10"},
				"down": {"uv": [0, 0, 16, 16], "texture": "#10"}
			}
		},
		{
			"from": [8.25, 1, 12.5],
			"to": [8.75, 1.5, 13],
			"shade": false,
			"faces": {
				"south": {"uv": [0, 0, 16, 16], "texture": "#10"},
				"up": {"uv": [0, 0, 16, 16], "texture": "#10"},
				"down": {"uv": [0, 0, 16, 16], "texture": "#10"}
			}
		},
		{
			"from": [8.75, 1, 4],
			"to": [9.25, 1.5, 4.5],
			"shade": false,
			"faces": {
				"north": {"uv": [0, 0, 16, 16], "texture": "#12"},
				"east": {"uv": [0, 0, 16, 16], "texture": "#12"},
				"down": {"uv": [0, 0, 16, 16], "texture": "#12"}
			}
		},
		{
			"from": [8.75, 1, 4.5],
			"to": [9.25, 1.5, 5],
			"shade": false,
			"faces": {
				"east": {"uv": [0, 0, 16, 16], "texture": "#10"}
			}
		},
		{
			"from": [8.75, 1, 10],
			"to": [9.25, 1.5, 10.5],
			"shade": false,
			"faces": {
				"east": {"uv": [0, 0, 16, 16], "texture": "#10"},
				"down": {"uv": [0, 0, 16, 16], "texture": "#10"}
			}
		},
		{
			"from": [8.75, 1, 10.5],
			"to": [9.25, 1.5, 11],
			"shade": false,
			"faces": {
				"east": {"uv": [0, 0, 16, 16], "texture": "#10"},
				"south": {"uv": [0, 0, 16, 16], "texture": "#10"},
				"down": {"uv": [0, 0, 16, 16], "texture": "#10"}
			}
		},
		{
			"from": [8.75, 1, 12],
			"to": [9.25, 1.5, 12.5],
			"shade": false,
			"faces": {
				"north": {"uv": [0, 0, 16, 16], "texture": "#11"},
				"east": {"uv": [0, 0, 16, 16], "texture": "#11"},
				"up": {"uv": [0, 0, 16, 16], "texture": "#11"},
				"down": {"uv": [0, 0, 16, 16], "texture": "#11"}
			}
		},
		{
			"from": [8.75, 1, 12.5],
			"to": [9.25, 1.5, 13],
			"shade": false,
			"faces": {
				"south": {"uv": [0, 0, 16, 16], "texture": "#10"},
				"up": {"uv": [0, 0, 16, 16], "texture": "#10"},
				"down": {"uv": [0, 0, 16, 16], "texture": "#10"}
			}
		},
		{
			"from": [9.25, 1, 5],
			"to": [9.75, 1.5, 5.5],
			"shade": false,
			"faces": {
				"north": {"uv": [0, 0, 16, 16], "texture": "#10"},
				"east": {"uv": [0, 0, 16, 16], "texture": "#10"},
				"down": {"uv": [0, 0, 16, 16], "texture": "#10"}
			}
		},
		{
			"from": [9.25, 1, 5.5],
			"to": [9.75, 1.5, 6],
			"shade": false,
			"faces": {
				"east": {"uv": [0, 0, 16, 16], "texture": "#10"},
				"down": {"uv": [0, 0, 16, 16], "texture": "#10"}
			}
		},
		{
			"from": [9.25, 1, 6],
			"to": [9.75, 1.5, 6.5],
			"shade": false,
			"faces": {
				"east": {"uv": [0, 0, 16, 16], "texture": "#10"},
				"down": {"uv": [0, 0, 16, 16], "texture": "#10"}
			}
		},
		{
			"from": [9.25, 1, 6.5],
			"to": [9.75, 1.5, 7],
			"shade": false,
			"faces": {
				"east": {"uv": [0, 0, 16, 16], "texture": "#10"},
				"down": {"uv": [0, 0, 16, 16], "texture": "#10"}
			}
		},
		{
			"from": [9.25, 1, 7],
			"to": [9.75, 1.5, 7.5],
			"shade": false,
			"faces": {
				"east": {"uv": [0, 0, 16, 16], "texture": "#10"},
				"down": {"uv": [0, 0, 16, 16], "texture": "#10"}
			}
		},
		{
			"from": [9.25, 1, 7.5],
			"to": [9.75, 1.5, 8],
			"shade": false,
			"faces": {
				"east": {"uv": [0, 0, 16, 16], "texture": "#10"},
				"down": {"uv": [0, 0, 16, 16], "texture": "#10"}
			}
		},
		{
			"from": [9.25, 1, 8],
			"to": [9.75, 1.5, 8.5],
			"shade": false,
			"faces": {
				"east": {"uv": [0, 0, 16, 16], "texture": "#10"},
				"down": {"uv": [0, 0, 16, 16], "texture": "#10"}
			}
		},
		{
			"from": [9.25, 1, 8.5],
			"to": [9.75, 1.5, 9],
			"shade": false,
			"faces": {
				"east": {"uv": [0, 0, 16, 16], "texture": "#10"},
				"down": {"uv": [0, 0, 16, 16], "texture": "#10"}
			}
		},
		{
			"from": [9.25, 1, 9],
			"to": [9.75, 1.5, 9.5],
			"shade": false,
			"faces": {
				"east": {"uv": [0, 0, 16, 16], "texture": "#10"},
				"down": {"uv": [0, 0, 16, 16], "texture": "#10"}
			}
		},
		{
			"from": [9.25, 1, 9.5],
			"to": [9.75, 1.5, 10],
			"shade": false,
			"faces": {
				"east": {"uv": [0, 0, 16, 16], "texture": "#10"},
				"south": {"uv": [0, 0, 16, 16], "texture": "#10"},
				"down": {"uv": [0, 0, 16, 16], "texture": "#10"}
			}
		},
		{
			"from": [9.25, 1, 12.5],
			"to": [9.75, 1.5, 13],
			"shade": false,
			"faces": {
				"north": {"uv": [0, 0, 16, 16], "texture": "#11"},
				"east": {"uv": [0, 0, 16, 16], "texture": "#11"},
				"south": {"uv": [0, 0, 16, 16], "texture": "#11"},
				"up": {"uv": [0, 0, 16, 16], "texture": "#11"},
				"down": {"uv": [0, 0, 16, 16], "texture": "#11"}
			}
		},
		{
			"from": [6.25, 1.5, 4],
			"to": [6.75, 2, 4.5],
			"shade": false,
			"faces": {
				"north": {"uv": [0, 0, 16, 16], "texture": "#13"},
				"west": {"uv": [0, 0, 16, 16], "texture": "#13"},
				"down": {"uv": [0, 0, 16, 16], "texture": "#13"}
			}
		},
		{
			"from": [6.25, 1.5, 4.5],
			"to": [6.75, 2, 5],
			"shade": false,
			"faces": {
				"west": {"uv": [0, 0, 16, 16], "texture": "#12"},
				"down": {"uv": [0, 0, 16, 16], "texture": "#12"}
			}
		},
		{
			"from": [6.25, 1.5, 5],
			"to": [6.75, 2, 5.5],
			"shade": false,
			"faces": {
				"west": {"uv": [0, 0, 16, 16], "texture": "#12"}
			}
		},
		{
			"from": [6.25, 1.5, 5.5],
			"to": [6.75, 2, 6],
			"shade": false,
			"faces": {
				"west": {"uv": [0, 0, 16, 16], "texture": "#12"}
			}
		},
		{
			"from": [6.25, 1.5, 6],
			"to": [6.75, 2, 6.5],
			"shade": false,
			"faces": {
				"west": {"uv": [0, 0, 16, 16], "texture": "#12"}
			}
		},
		{
			"from": [6.25, 1.5, 6.5],
			"to": [6.75, 2, 7],
			"shade": false,
			"faces": {
				"west": {"uv": [0, 0, 16, 16], "texture": "#12"}
			}
		},
		{
			"from": [6.25, 1.5, 7],
			"to": [6.75, 2, 7.5],
			"shade": false,
			"faces": {
				"west": {"uv": [0, 0, 16, 16], "texture": "#12"}
			}
		},
		{
			"from": [6.25, 1.5, 7.5],
			"to": [6.75, 2, 8],
			"shade": false,
			"faces": {
				"west": {"uv": [0, 0, 16, 16], "texture": "#12"}
			}
		},
		{
			"from": [6.25, 1.5, 8],
			"to": [6.75, 2, 8.5],
			"shade": false,
			"faces": {
				"west": {"uv": [0, 0, 16, 16], "texture": "#12"}
			}
		},
		{
			"from": [6.25, 1.5, 8.5],
			"to": [6.75, 2, 9],
			"shade": false,
			"faces": {
				"west": {"uv": [0, 0, 16, 16], "texture": "#12"}
			}
		},
		{
			"from": [6.25, 1.5, 9],
			"to": [6.75, 2, 9.5],
			"shade": false,
			"faces": {
				"west": {"uv": [0, 0, 16, 16], "texture": "#12"}
			}
		},
		{
			"from": [6.25, 1.5, 9.5],
			"to": [6.75, 2, 10],
			"shade": false,
			"faces": {
				"south": {"uv": [0, 0, 16, 16], "texture": "#12"},
				"west": {"uv": [0, 0, 16, 16], "texture": "#12"}
			}
		},
		{
			"from": [6.75, 1.5, 3.5],
			"to": [7.25, 2, 4],
			"shade": false,
			"faces": {
				"north": {"uv": [0, 0, 16, 16], "texture": "#13"},
				"west": {"uv": [0, 0, 16, 16], "texture": "#13"},
				"down": {"uv": [0, 0, 16, 16], "texture": "#13"}
			}
		},
		{
			"from": [6.75, 1.5, 10],
			"to": [7.25, 2, 10.5],
			"shade": false,
			"faces": {
				"west": {"uv": [0, 0, 16, 16], "texture": "#12"}
			}
		},
		{
			"from": [6.75, 1.5, 10.5],
			"to": [7.25, 2, 11],
			"shade": false,
			"faces": {
				"south": {"uv": [0, 0, 16, 16], "texture": "#12"},
				"west": {"uv": [0, 0, 16, 16], "texture": "#12"},
				"up": {"uv": [0, 0, 16, 16], "texture": "#12"}
			}
		},
		{
			"from": [7.25, 1.5, 3],
			"to": [7.75, 2, 3.5],
			"shade": false,
			"faces": {
				"north": {"uv": [0, 0, 16, 16], "texture": "#13"},
				"west": {"uv": [0, 0, 16, 16], "texture": "#13"},
				"down": {"uv": [0, 0, 16, 16], "texture": "#13"}
			}
		},
		{
			"from": [7.25, 1.5, 11],
			"to": [7.75, 2, 11.5],
			"shade": false,
			"faces": {
				"west": {"uv": [0, 0, 16, 16], "texture": "#12"},
				"up": {"uv": [0, 0, 16, 16], "texture": "#12"}
			}
		},
		{
			"from": [7.25, 1.5, 11.5],
			"to": [7.75, 2, 12],
			"shade": false,
			"faces": {
				"south": {"uv": [0, 0, 16, 16], "texture": "#12"},
				"west": {"uv": [0, 0, 16, 16], "texture": "#12"},
				"up": {"uv": [0, 0, 16, 16], "texture": "#12"}
			}
		},
		{
			"from": [7.75, 1.5, 3],
			"to": [8.25, 2, 3.5],
			"shade": false,
			"faces": {
				"north": {"uv": [0, 0, 16, 16], "texture": "#13"}
			}
		},
		{
			"from": [7.75, 1.5, 11],
			"to": [8.25, 2, 11.5],
			"shade": false,
			"faces": {
				"up": {"uv": [0, 0, 16, 16], "texture": "#12"}
			}
		},
		{
			"from": [7.75, 1.5, 11.5],
			"to": [8.25, 2, 12],
			"shade": false,
			"faces": {
				"up": {"uv": [0, 0, 16, 16], "texture": "#12"}
			}
		},
		{
			"from": [7.75, 1.5, 12],
			"to": [8.25, 2, 12.5],
			"shade": false,
			"faces": {
				"east": {"uv": [0, 0, 16, 16], "texture": "#10"},
				"west": {"uv": [0, 0, 16, 16], "texture": "#10"}
			}
		},
		{
			"from": [7.75, 1.5, 12.5],
			"to": [8.25, 2, 13],
			"shade": false,
			"faces": {
				"east": {"uv": [0, 0, 16, 16], "texture": "#10"},
				"south": {"uv": [0, 0, 16, 16], "texture": "#10"},
				"west": {"uv": [0, 0, 16, 16], "texture": "#10"}
			}
		},
		{
			"from": [8.25, 1.5, 3],
			"to": [8.75, 2, 3.5],
			"shade": false,
			"faces": {
				"north": {"uv": [0, 0, 16, 16], "texture": "#13"},
				"east": {"uv": [0, 0, 16, 16], "texture": "#13"},
				"down": {"uv": [0, 0, 16, 16], "texture": "#13"}
			}
		},
		{
			"from": [8.25, 1.5, 11],
			"to": [8.75, 2, 11.5],
			"shade": false,
			"faces": {
				"east": {"uv": [0, 0, 16, 16], "texture": "#12"},
				"up": {"uv": [0, 0, 16, 16], "texture": "#12"}
			}
		},
		{
			"from": [8.25, 1.5, 11.5],
			"to": [8.75, 2, 12],
			"shade": false,
			"faces": {
				"east": {"uv": [0, 0, 16, 16], "texture": "#12"},
				"south": {"uv": [0, 0, 16, 16], "texture": "#12"},
				"up": {"uv": [0, 0, 16, 16], "texture": "#12"}
			}
		},
		{
			"from": [8.75, 1.5, 3.5],
			"to": [9.25, 2, 4],
			"shade": false,
			"faces": {
				"north": {"uv": [0, 0, 16, 16], "texture": "#13"},
				"east": {"uv": [0, 0, 16, 16], "texture": "#13"},
				"down": {"uv": [0, 0, 16, 16], "texture": "#13"}
			}
		},
		{
			"from": [8.75, 1.5, 10],
			"to": [9.25, 2, 10.5],
			"shade": false,
			"faces": {
				"east": {"uv": [0, 0, 16, 16], "texture": "#12"}
			}
		},
		{
			"from": [8.75, 1.5, 10.5],
			"to": [9.25, 2, 11],
			"shade": false,
			"faces": {
				"east": {"uv": [0, 0, 16, 16], "texture": "#12"},
				"south": {"uv": [0, 0, 16, 16], "texture": "#12"},
				"up": {"uv": [0, 0, 16, 16], "texture": "#12"}
			}
		},
		{
			"from": [9.25, 1.5, 4],
			"to": [9.75, 2, 4.5],
			"shade": false,
			"faces": {
				"north": {"uv": [0, 0, 16, 16], "texture": "#13"},
				"east": {"uv": [0, 0, 16, 16], "texture": "#13"},
				"down": {"uv": [0, 0, 16, 16], "texture": "#13"}
			}
		},
		{
			"from": [9.25, 1.5, 4.5],
			"to": [9.75, 2, 5],
			"shade": false,
			"faces": {
				"east": {"uv": [0, 0, 16, 16], "texture": "#12"},
				"down": {"uv": [0, 0, 16, 16], "texture": "#12"}
			}
		},
		{
			"from": [9.25, 1.5, 5],
			"to": [9.75, 2, 5.5],
			"shade": false,
			"faces": {
				"east": {"uv": [0, 0, 16, 16], "texture": "#12"}
			}
		},
		{
			"from": [9.25, 1.5, 5.5],
			"to": [9.75, 2, 6],
			"shade": false,
			"faces": {
				"east": {"uv": [0, 0, 16, 16], "texture": "#12"}
			}
		},
		{
			"from": [9.25, 1.5, 6],
			"to": [9.75, 2, 6.5],
			"shade": false,
			"faces": {
				"east": {"uv": [0, 0, 16, 16], "texture": "#12"}
			}
		},
		{
			"from": [9.25, 1.5, 6.5],
			"to": [9.75, 2, 7],
			"shade": false,
			"faces": {
				"east": {"uv": [0, 0, 16, 16], "texture": "#12"}
			}
		},
		{
			"from": [9.25, 1.5, 7],
			"to": [9.75, 2, 7.5],
			"shade": false,
			"faces": {
				"east": {"uv": [0, 0, 16, 16], "texture": "#12"}
			}
		},
		{
			"from": [9.25, 1.5, 7.5],
			"to": [9.75, 2, 8],
			"shade": false,
			"faces": {
				"east": {"uv": [0, 0, 16, 16], "texture": "#12"}
			}
		},
		{
			"from": [9.25, 1.5, 8],
			"to": [9.75, 2, 8.5],
			"shade": false,
			"faces": {
				"east": {"uv": [0, 0, 16, 16], "texture": "#12"}
			}
		},
		{
			"from": [9.25, 1.5, 8.5],
			"to": [9.75, 2, 9],
			"shade": false,
			"faces": {
				"east": {"uv": [0, 0, 16, 16], "texture": "#12"}
			}
		},
		{
			"from": [9.25, 1.5, 9],
			"to": [9.75, 2, 9.5],
			"shade": false,
			"faces": {
				"east": {"uv": [0, 0, 16, 16], "texture": "#12"}
			}
		},
		{
			"from": [9.25, 1.5, 9.5],
			"to": [9.75, 2, 10],
			"shade": false,
			"faces": {
				"east": {"uv": [0, 0, 16, 16], "texture": "#12"},
				"south": {"uv": [0, 0, 16, 16], "texture": "#12"}
			}
		},
		{
			"from": [6.25, 2, 4],
			"to": [6.75, 2.5, 4.5],
			"shade": false,
			"faces": {
				"north": {"uv": [0, 0, 16, 16], "texture": "#13"},
				"west": {"uv": [0, 0, 16, 16], "texture": "#13"},
				"up": {"uv": [0, 0, 16, 16], "texture": "#13"}
			}
		},
		{
			"from": [6.25, 2, 4.5],
			"to": [6.75, 2.5, 5],
			"shade": false,
			"faces": {
				"west": {"uv": [0, 0, 16, 16], "texture": "#13"},
				"up": {"uv": [0, 0, 16, 16], "texture": "#13"}
			}
		},
		{
			"from": [6.25, 2, 5],
			"to": [6.75, 2.5, 5.5],
			"shade": false,
			"faces": {
				"west": {"uv": [0, 0, 16, 16], "texture": "#12"},
				"up": {"uv": [0, 0, 16, 16], "texture": "#12"}
			}
		},
		{
			"from": [6.25, 2, 5.5],
			"to": [6.75, 2.5, 6],
			"shade": false,
			"faces": {
				"west": {"uv": [0, 0, 16, 16], "texture": "#10"},
				"up": {"uv": [0, 0, 16, 16], "texture": "#10"}
			}
		},
		{
			"from": [6.25, 2, 6],
			"to": [6.75, 2.5, 6.5],
			"shade": false,
			"faces": {
				"west": {"uv": [0, 0, 16, 16], "texture": "#10"},
				"up": {"uv": [0, 0, 16, 16], "texture": "#10"}
			}
		},
		{
			"from": [6.25, 2, 6.5],
			"to": [6.75, 2.5, 7],
			"shade": false,
			"faces": {
				"west": {"uv": [0, 0, 16, 16], "texture": "#10"},
				"up": {"uv": [0, 0, 16, 16], "texture": "#10"}
			}
		},
		{
			"from": [6.25, 2, 7],
			"to": [6.75, 2.5, 7.5],
			"shade": false,
			"faces": {
				"west": {"uv": [0, 0, 16, 16], "texture": "#10"},
				"up": {"uv": [0, 0, 16, 16], "texture": "#10"}
			}
		},
		{
			"from": [6.25, 2, 7.5],
			"to": [6.75, 2.5, 8],
			"shade": false,
			"faces": {
				"west": {"uv": [0, 0, 16, 16], "texture": "#10"},
				"up": {"uv": [0, 0, 16, 16], "texture": "#10"}
			}
		},
		{
			"from": [6.25, 2, 8],
			"to": [6.75, 2.5, 8.5],
			"shade": false,
			"faces": {
				"west": {"uv": [0, 0, 16, 16], "texture": "#10"},
				"up": {"uv": [0, 0, 16, 16], "texture": "#10"}
			}
		},
		{
			"from": [6.25, 2, 8.5],
			"to": [6.75, 2.5, 9],
			"shade": false,
			"faces": {
				"west": {"uv": [0, 0, 16, 16], "texture": "#10"},
				"up": {"uv": [0, 0, 16, 16], "texture": "#10"}
			}
		},
		{
			"from": [6.25, 2, 9],
			"to": [6.75, 2.5, 9.5],
			"shade": false,
			"faces": {
				"west": {"uv": [0, 0, 16, 16], "texture": "#10"},
				"up": {"uv": [0, 0, 16, 16], "texture": "#10"}
			}
		},
		{
			"from": [6.25, 2, 9.5],
			"to": [6.75, 2.5, 10],
			"shade": false,
			"faces": {
				"south": {"uv": [0, 0, 16, 16], "texture": "#10"},
				"west": {"uv": [0, 0, 16, 16], "texture": "#10"},
				"up": {"uv": [0, 0, 16, 16], "texture": "#10"}
			}
		},
		{
			"from": [6.75, 2, 3.5],
			"to": [7.25, 2.5, 4],
			"shade": false,
			"faces": {
				"north": {"uv": [0, 0, 16, 16], "texture": "#13"},
				"west": {"uv": [0, 0, 16, 16], "texture": "#13"},
				"up": {"uv": [0, 0, 16, 16], "texture": "#13"}
			}
		},
		{
			"from": [6.75, 2, 10],
			"to": [7.25, 2.5, 10.5],
			"shade": false,
			"faces": {
				"south": {"uv": [0, 0, 16, 16], "texture": "#10"},
				"west": {"uv": [0, 0, 16, 16], "texture": "#10"},
				"up": {"uv": [0, 0, 16, 16], "texture": "#10"}
			}
		},
		{
			"from": [7.25, 2, 3],
			"to": [7.75, 2.5, 3.5],
			"shade": false,
			"faces": {
				"north": {"uv": [0, 0, 16, 16], "texture": "#13"},
				"west": {"uv": [0, 0, 16, 16], "texture": "#13"},
				"up": {"uv": [0, 0, 16, 16], "texture": "#13"}
			}
		},
		{
			"from": [7.25, 2, 10.5],
			"to": [7.75, 2.5, 11],
			"shade": false,
			"faces": {
				"south": {"uv": [0, 0, 16, 16], "texture": "#10"},
				"west": {"uv": [0, 0, 16, 16], "texture": "#10"},
				"up": {"uv": [0, 0, 16, 16], "texture": "#10"}
			}
		},
		{
			"from": [7.75, 2, 3],
			"to": [8.25, 2.5, 3.5],
			"shade": false,
			"faces": {
				"north": {"uv": [0, 0, 16, 16], "texture": "#13"},
				"up": {"uv": [0, 0, 16, 16], "texture": "#13"}
			}
		},
		{
			"from": [7.75, 2, 10.5],
			"to": [8.25, 2.5, 11],
			"shade": false,
			"faces": {
				"south": {"uv": [0, 0, 16, 16], "texture": "#12"},
				"up": {"uv": [0, 0, 16, 16], "texture": "#12"}
			}
		},
		{
			"from": [7.75, 2, 12],
			"to": [8.25, 2.5, 12.5],
			"shade": false,
			"faces": {
				"north": {"uv": [0, 0, 16, 16], "texture": "#10"},
				"east": {"uv": [0, 0, 16, 16], "texture": "#10"},
				"west": {"uv": [0, 0, 16, 16], "texture": "#10"}
			}
		},
		{
			"from": [7.75, 2, 12.5],
			"to": [8.25, 2.5, 13],
			"shade": false,
			"faces": {
				"east": {"uv": [0, 0, 16, 16], "texture": "#10"},
				"south": {"uv": [0, 0, 16, 16], "texture": "#10"},
				"west": {"uv": [0, 0, 16, 16], "texture": "#10"}
			}
		},
		{
			"from": [8.25, 2, 3],
			"to": [8.75, 2.5, 3.5],
			"shade": false,
			"faces": {
				"north": {"uv": [0, 0, 16, 16], "texture": "#13"},
				"east": {"uv": [0, 0, 16, 16], "texture": "#13"},
				"up": {"uv": [0, 0, 16, 16], "texture": "#13"}
			}
		},
		{
			"from": [8.25, 2, 10.5],
			"to": [8.75, 2.5, 11],
			"shade": false,
			"faces": {
				"east": {"uv": [0, 0, 16, 16], "texture": "#10"},
				"south": {"uv": [0, 0, 16, 16], "texture": "#10"},
				"up": {"uv": [0, 0, 16, 16], "texture": "#10"}
			}
		},
		{
			"from": [8.75, 2, 3.5],
			"to": [9.25, 2.5, 4],
			"shade": false,
			"faces": {
				"north": {"uv": [0, 0, 16, 16], "texture": "#13"},
				"east": {"uv": [0, 0, 16, 16], "texture": "#13"},
				"up": {"uv": [0, 0, 16, 16], "texture": "#13"}
			}
		},
		{
			"from": [8.75, 2, 10],
			"to": [9.25, 2.5, 10.5],
			"shade": false,
			"faces": {
				"east": {"uv": [0, 0, 16, 16], "texture": "#10"},
				"south": {"uv": [0, 0, 16, 16], "texture": "#10"},
				"up": {"uv": [0, 0, 16, 16], "texture": "#10"}
			}
		},
		{
			"from": [9.25, 2, 4],
			"to": [9.75, 2.5, 4.5],
			"shade": false,
			"faces": {
				"north": {"uv": [0, 0, 16, 16], "texture": "#13"},
				"east": {"uv": [0, 0, 16, 16], "texture": "#13"},
				"up": {"uv": [0, 0, 16, 16], "texture": "#13"}
			}
		},
		{
			"from": [9.25, 2, 4.5],
			"to": [9.75, 2.5, 5],
			"shade": false,
			"faces": {
				"east": {"uv": [0, 0, 16, 16], "texture": "#13"},
				"up": {"uv": [0, 0, 16, 16], "texture": "#13"}
			}
		},
		{
			"from": [9.25, 2, 5],
			"to": [9.75, 2.5, 5.5],
			"shade": false,
			"faces": {
				"east": {"uv": [0, 0, 16, 16], "texture": "#12"},
				"up": {"uv": [0, 0, 16, 16], "texture": "#12"}
			}
		},
		{
			"from": [9.25, 2, 5.5],
			"to": [9.75, 2.5, 6],
			"shade": false,
			"faces": {
				"east": {"uv": [0, 0, 16, 16], "texture": "#10"},
				"up": {"uv": [0, 0, 16, 16], "texture": "#10"}
			}
		},
		{
			"from": [9.25, 2, 6],
			"to": [9.75, 2.5, 6.5],
			"shade": false,
			"faces": {
				"east": {"uv": [0, 0, 16, 16], "texture": "#10"},
				"up": {"uv": [0, 0, 16, 16], "texture": "#10"}
			}
		},
		{
			"from": [9.25, 2, 6.5],
			"to": [9.75, 2.5, 7],
			"shade": false,
			"faces": {
				"east": {"uv": [0, 0, 16, 16], "texture": "#10"},
				"up": {"uv": [0, 0, 16, 16], "texture": "#10"}
			}
		},
		{
			"from": [9.25, 2, 7],
			"to": [9.75, 2.5, 7.5],
			"shade": false,
			"faces": {
				"east": {"uv": [0, 0, 16, 16], "texture": "#10"},
				"up": {"uv": [0, 0, 16, 16], "texture": "#10"}
			}
		},
		{
			"from": [9.25, 2, 7.5],
			"to": [9.75, 2.5, 8],
			"shade": false,
			"faces": {
				"east": {"uv": [0, 0, 16, 16], "texture": "#10"},
				"up": {"uv": [0, 0, 16, 16], "texture": "#10"}
			}
		},
		{
			"from": [9.25, 2, 8],
			"to": [9.75, 2.5, 8.5],
			"shade": false,
			"faces": {
				"east": {"uv": [0, 0, 16, 16], "texture": "#10"},
				"up": {"uv": [0, 0, 16, 16], "texture": "#10"}
			}
		},
		{
			"from": [9.25, 2, 8.5],
			"to": [9.75, 2.5, 9],
			"shade": false,
			"faces": {
				"east": {"uv": [0, 0, 16, 16], "texture": "#10"},
				"up": {"uv": [0, 0, 16, 16], "texture": "#10"}
			}
		},
		{
			"from": [9.25, 2, 9],
			"to": [9.75, 2.5, 9.5],
			"shade": false,
			"faces": {
				"east": {"uv": [0, 0, 16, 16], "texture": "#10"},
				"up": {"uv": [0, 0, 16, 16], "texture": "#10"}
			}
		},
		{
			"from": [9.25, 2, 9.5],
			"to": [9.75, 2.5, 10],
			"shade": false,
			"faces": {
				"east": {"uv": [0, 0, 16, 16], "texture": "#10"},
				"south": {"uv": [0, 0, 16, 16], "texture": "#10"},
				"up": {"uv": [0, 0, 16, 16], "texture": "#10"}
			}
		},
		{
			"from": [6.75, 2.5, 4],
			"to": [7.25, 3, 4.5],
			"shade": false,
			"faces": {
				"north": {"uv": [0, 0, 16, 16], "texture": "#13"},
				"west": {"uv": [0, 0, 16, 16], "texture": "#13"},
				"up": {"uv": [0, 0, 16, 16], "texture": "#13"}
			}
		},
		{
			"from": [6.75, 2.5, 4.5],
			"to": [7.25, 3, 5],
			"shade": false,
			"faces": {
				"west": {"uv": [0, 0, 16, 16], "texture": "#13"},
				"up": {"uv": [0, 0, 16, 16], "texture": "#13"}
			}
		},
		{
			"from": [6.75, 2.5, 5],
			"to": [7.25, 3, 5.5],
			"shade": false,
			"faces": {
				"west": {"uv": [0, 0, 16, 16], "texture": "#12"},
				"up": {"uv": [0, 0, 16, 16], "texture": "#12"}
			}
		},
		{
			"from": [6.75, 2.5, 5.5],
			"to": [7.25, 3, 6],
			"shade": false,
			"faces": {
				"west": {"uv": [0, 0, 16, 16], "texture": "#10"},
				"up": {"uv": [0, 0, 16, 16], "texture": "#10"}
			}
		},
		{
			"from": [6.75, 2.5, 6],
			"to": [7.25, 3, 6.5],
			"shade": false,
			"faces": {
				"west": {"uv": [0, 0, 16, 16], "texture": "#10"},
				"up": {"uv": [0, 0, 16, 16], "texture": "#10"}
			}
		},
		{
			"from": [6.75, 2.5, 6.5],
			"to": [7.25, 3, 7],
			"shade": false,
			"faces": {
				"west": {"uv": [0, 0, 16, 16], "texture": "#10"},
				"up": {"uv": [0, 0, 16, 16], "texture": "#10"}
			}
		},
		{
			"from": [6.75, 2.5, 7],
			"to": [7.25, 3, 7.5],
			"shade": false,
			"faces": {
				"west": {"uv": [0, 0, 16, 16], "texture": "#10"},
				"up": {"uv": [0, 0, 16, 16], "texture": "#10"}
			}
		},
		{
			"from": [6.75, 2.5, 7.5],
			"to": [7.25, 3, 8],
			"shade": false,
			"faces": {
				"west": {"uv": [0, 0, 16, 16], "texture": "#10"},
				"up": {"uv": [0, 0, 16, 16], "texture": "#10"}
			}
		},
		{
			"from": [6.75, 2.5, 8],
			"to": [7.25, 3, 8.5],
			"shade": false,
			"faces": {
				"west": {"uv": [0, 0, 16, 16], "texture": "#10"},
				"up": {"uv": [0, 0, 16, 16], "texture": "#10"}
			}
		},
		{
			"from": [6.75, 2.5, 8.5],
			"to": [7.25, 3, 9],
			"shade": false,
			"faces": {
				"west": {"uv": [0, 0, 16, 16], "texture": "#10"},
				"up": {"uv": [0, 0, 16, 16], "texture": "#10"}
			}
		},
		{
			"from": [6.75, 2.5, 9],
			"to": [7.25, 3, 9.5],
			"shade": false,
			"faces": {
				"west": {"uv": [0, 0, 16, 16], "texture": "#10"},
				"up": {"uv": [0, 0, 16, 16], "texture": "#10"}
			}
		},
		{
			"from": [6.75, 2.5, 9.5],
			"to": [7.25, 3, 10],
			"shade": false,
			"faces": {
				"south": {"uv": [0, 0, 16, 16], "texture": "#10"},
				"west": {"uv": [0, 0, 16, 16], "texture": "#10"},
				"up": {"uv": [0, 0, 16, 16], "texture": "#10"}
			}
		},
		{
			"from": [7.25, 2.5, 3.5],
			"to": [7.75, 3, 4],
			"shade": false,
			"faces": {
				"north": {"uv": [0, 0, 16, 16], "texture": "#13"},
				"west": {"uv": [0, 0, 16, 16], "texture": "#13"},
				"up": {"uv": [0, 0, 16, 16], "texture": "#13"}
			}
		},
		{
			"from": [7.25, 2.5, 4],
			"to": [7.75, 3, 4.5],
			"shade": false,
			"faces": {
				"up": {"uv": [0, 0, 16, 16], "texture": "#13"}
			}
		},
		{
			"from": [7.25, 2.5, 10],
			"to": [7.75, 3, 10.5],
			"shade": false,
			"faces": {
				"south": {"uv": [0, 0, 16, 16], "texture": "#10"},
				"west": {"uv": [0, 0, 16, 16], "texture": "#10"},
				"up": {"uv": [0, 0, 16, 16], "texture": "#10"}
			}
		},
		{
			"from": [7.75, 2.5, 3.5],
			"to": [8.25, 3, 4],
			"shade": false,
			"faces": {
				"north": {"uv": [0, 0, 16, 16], "texture": "#13"},
				"up": {"uv": [0, 0, 16, 16], "texture": "#13"}
			}
		},
		{
			"from": [7.75, 2.5, 10],
			"to": [8.25, 3, 10.5],
			"shade": false,
			"faces": {
				"south": {"uv": [0, 0, 16, 16], "texture": "#12"},
				"up": {"uv": [0, 0, 16, 16], "texture": "#12"}
			}
		},
		{
			"from": [7.75, 2.5, 12],
			"to": [8.25, 3, 12.5],
			"shade": false,
			"faces": {
				"north": {"uv": [0, 0, 16, 16], "texture": "#11"},
				"east": {"uv": [0, 0, 16, 16], "texture": "#11"},
				"west": {"uv": [0, 0, 16, 16], "texture": "#11"},
				"up": {"uv": [0, 0, 16, 16], "texture": "#11"}
			}
		},
		{
			"from": [7.75, 2.5, 12.5],
			"to": [8.25, 3, 13],
			"shade": false,
			"faces": {
				"east": {"uv": [0, 0, 16, 16], "texture": "#10"},
				"south": {"uv": [0, 0, 16, 16], "texture": "#10"},
				"west": {"uv": [0, 0, 16, 16], "texture": "#10"}
			}
		},
		{
			"from": [8.25, 2.5, 3.5],
			"to": [8.75, 3, 4],
			"shade": false,
			"faces": {
				"north": {"uv": [0, 0, 16, 16], "texture": "#13"},
				"east": {"uv": [0, 0, 16, 16], "texture": "#13"},
				"up": {"uv": [0, 0, 16, 16], "texture": "#13"}
			}
		},
		{
			"from": [8.25, 2.5, 4],
			"to": [8.75, 3, 4.5],
			"shade": false,
			"faces": {
				"up": {"uv": [0, 0, 16, 16], "texture": "#13"}
			}
		},
		{
			"from": [8.25, 2.5, 10],
			"to": [8.75, 3, 10.5],
			"shade": false,
			"faces": {
				"east": {"uv": [0, 0, 16, 16], "texture": "#10"},
				"south": {"uv": [0, 0, 16, 16], "texture": "#10"},
				"up": {"uv": [0, 0, 16, 16], "texture": "#10"}
			}
		},
		{
			"from": [8.75, 2.5, 4],
			"to": [9.25, 3, 4.5],
			"shade": false,
			"faces": {
				"north": {"uv": [0, 0, 16, 16], "texture": "#13"},
				"east": {"uv": [0, 0, 16, 16], "texture": "#13"},
				"up": {"uv": [0, 0, 16, 16], "texture": "#13"}
			}
		},
		{
			"from": [8.75, 2.5, 4.5],
			"to": [9.25, 3, 5],
			"shade": false,
			"faces": {
				"east": {"uv": [0, 0, 16, 16], "texture": "#13"},
				"up": {"uv": [0, 0, 16, 16], "texture": "#13"}
			}
		},
		{
			"from": [8.75, 2.5, 5],
			"to": [9.25, 3, 5.5],
			"shade": false,
			"faces": {
				"east": {"uv": [0, 0, 16, 16], "texture": "#12"},
				"up": {"uv": [0, 0, 16, 16], "texture": "#12"}
			}
		},
		{
			"from": [8.75, 2.5, 5.5],
			"to": [9.25, 3, 6],
			"shade": false,
			"faces": {
				"east": {"uv": [0, 0, 16, 16], "texture": "#10"},
				"up": {"uv": [0, 0, 16, 16], "texture": "#10"}
			}
		},
		{
			"from": [8.75, 2.5, 6],
			"to": [9.25, 3, 6.5],
			"shade": false,
			"faces": {
				"east": {"uv": [0, 0, 16, 16], "texture": "#10"},
				"up": {"uv": [0, 0, 16, 16], "texture": "#10"}
			}
		},
		{
			"from": [8.75, 2.5, 6.5],
			"to": [9.25, 3, 7],
			"shade": false,
			"faces": {
				"east": {"uv": [0, 0, 16, 16], "texture": "#10"},
				"up": {"uv": [0, 0, 16, 16], "texture": "#10"}
			}
		},
		{
			"from": [8.75, 2.5, 7],
			"to": [9.25, 3, 7.5],
			"shade": false,
			"faces": {
				"east": {"uv": [0, 0, 16, 16], "texture": "#10"},
				"up": {"uv": [0, 0, 16, 16], "texture": "#10"}
			}
		},
		{
			"from": [8.75, 2.5, 7.5],
			"to": [9.25, 3, 8],
			"shade": false,
			"faces": {
				"east": {"uv": [0, 0, 16, 16], "texture": "#10"},
				"up": {"uv": [0, 0, 16, 16], "texture": "#10"}
			}
		},
		{
			"from": [8.75, 2.5, 8],
			"to": [9.25, 3, 8.5],
			"shade": false,
			"faces": {
				"east": {"uv": [0, 0, 16, 16], "texture": "#10"},
				"up": {"uv": [0, 0, 16, 16], "texture": "#10"}
			}
		},
		{
			"from": [8.75, 2.5, 8.5],
			"to": [9.25, 3, 9],
			"shade": false,
			"faces": {
				"east": {"uv": [0, 0, 16, 16], "texture": "#10"},
				"up": {"uv": [0, 0, 16, 16], "texture": "#10"}
			}
		},
		{
			"from": [8.75, 2.5, 9],
			"to": [9.25, 3, 9.5],
			"shade": false,
			"faces": {
				"east": {"uv": [0, 0, 16, 16], "texture": "#10"},
				"up": {"uv": [0, 0, 16, 16], "texture": "#10"}
			}
		},
		{
			"from": [8.75, 2.5, 9.5],
			"to": [9.25, 3, 10],
			"shade": false,
			"faces": {
				"east": {"uv": [0, 0, 16, 16], "texture": "#10"},
				"south": {"uv": [0, 0, 16, 16], "texture": "#10"},
				"up": {"uv": [0, 0, 16, 16], "texture": "#10"}
			}
		},
		{
			"from": [7.25, 3, 4.5],
			"to": [7.75, 3.5, 5],
			"shade": false,
			"faces": {
				"north": {"uv": [0, 0, 16, 16], "texture": "#13"},
				"west": {"uv": [0, 0, 16, 16], "texture": "#13"},
				"up": {"uv": [0, 0, 16, 16], "texture": "#13"}
			}
		},
		{
			"from": [7.25, 3, 5],
			"to": [7.75, 3.5, 5.5],
			"shade": false,
			"faces": {
				"west": {"uv": [0, 0, 16, 16], "texture": "#12"},
				"up": {"uv": [0, 0, 16, 16], "texture": "#12"}
			}
		},
		{
			"from": [7.25, 3, 5.5],
			"to": [7.75, 3.5, 6],
			"shade": false,
			"faces": {
				"west": {"uv": [0, 0, 16, 16], "texture": "#10"},
				"up": {"uv": [0, 0, 16, 16], "texture": "#10"}
			}
		},
		{
			"from": [7.25, 3, 6],
			"to": [7.75, 3.5, 6.5],
			"shade": false,
			"faces": {
				"west": {"uv": [0, 0, 16, 16], "texture": "#10"},
				"up": {"uv": [0, 0, 16, 16], "texture": "#10"}
			}
		},
		{
			"from": [7.25, 3, 6.5],
			"to": [7.75, 3.5, 7],
			"shade": false,
			"faces": {
				"west": {"uv": [0, 0, 16, 16], "texture": "#10"},
				"up": {"uv": [0, 0, 16, 16], "texture": "#10"}
			}
		},
		{
			"from": [7.25, 3, 7],
			"to": [7.75, 3.5, 7.5],
			"shade": false,
			"faces": {
				"west": {"uv": [0, 0, 16, 16], "texture": "#10"},
				"up": {"uv": [0, 0, 16, 16], "texture": "#10"}
			}
		},
		{
			"from": [7.25, 3, 7.5],
			"to": [7.75, 3.5, 8],
			"shade": false,
			"faces": {
				"west": {"uv": [0, 0, 16, 16], "texture": "#10"},
				"up": {"uv": [0, 0, 16, 16], "texture": "#10"}
			}
		},
		{
			"from": [7.25, 3, 8],
			"to": [7.75, 3.5, 8.5],
			"shade": false,
			"faces": {
				"west": {"uv": [0, 0, 16, 16], "texture": "#10"},
				"up": {"uv": [0, 0, 16, 16], "texture": "#10"}
			}
		},
		{
			"from": [7.25, 3, 8.5],
			"to": [7.75, 3.5, 9],
			"shade": false,
			"faces": {
				"west": {"uv": [0, 0, 16, 16], "texture": "#10"},
				"up": {"uv": [0, 0, 16, 16], "texture": "#10"}
			}
		},
		{
			"from": [7.25, 3, 9],
			"to": [7.75, 3.5, 9.5],
			"shade": false,
			"faces": {
				"west": {"uv": [0, 0, 16, 16], "texture": "#10"},
				"up": {"uv": [0, 0, 16, 16], "texture": "#10"}
			}
		},
		{
			"from": [7.25, 3, 9.5],
			"to": [7.75, 3.5, 10],
			"shade": false,
			"faces": {
				"south": {"uv": [0, 0, 16, 16], "texture": "#10"},
				"west": {"uv": [0, 0, 16, 16], "texture": "#10"},
				"up": {"uv": [0, 0, 16, 16], "texture": "#10"}
			}
		},
		{
			"from": [7.75, 3, 4],
			"to": [8.25, 3.5, 4.5],
			"shade": false,
			"faces": {
				"north": {"uv": [0, 0, 16, 16], "texture": "#13"},
				"east": {"uv": [0, 0, 16, 16], "texture": "#13"},
				"west": {"uv": [0, 0, 16, 16], "texture": "#13"},
				"up": {"uv": [0, 0, 16, 16], "texture": "#13"}
			}
		},
		{
			"from": [7.75, 3, 4.5],
			"to": [8.25, 3.5, 5],
			"shade": false,
			"faces": {
				"up": {"uv": [0, 0, 16, 16], "texture": "#13"}
			}
		},
		{
			"from": [7.75, 3, 5],
			"to": [8.25, 3.5, 5.5],
			"shade": false,
			"faces": {
				"up": {"uv": [0, 0, 16, 16], "texture": "#12"}
			}
		},
		{
			"from": [7.75, 3, 5.5],
			"to": [8.25, 3.5, 6],
			"shade": false,
			"faces": {
				"up": {"uv": [0, 0, 16, 16], "texture": "#12"}
			}
		},
		{
			"from": [7.75, 3, 6],
			"to": [8.25, 3.5, 6.5],
			"shade": false,
			"faces": {
				"up": {"uv": [0, 0, 16, 16], "texture": "#12"}
			}
		},
		{
			"from": [7.75, 3, 6.5],
			"to": [8.25, 3.5, 7],
			"shade": false,
			"faces": {
				"up": {"uv": [0, 0, 16, 16], "texture": "#12"}
			}
		},
		{
			"from": [7.75, 3, 7],
			"to": [8.25, 3.5, 7.5],
			"shade": false,
			"faces": {
				"up": {"uv": [0, 0, 16, 16], "texture": "#12"}
			}
		},
		{
			"from": [7.75, 3, 7.5],
			"to": [8.25, 3.5, 8],
			"shade": false,
			"faces": {
				"up": {"uv": [0, 0, 16, 16], "texture": "#12"}
			}
		},
		{
			"from": [7.75, 3, 8],
			"to": [8.25, 3.5, 8.5],
			"shade": false,
			"faces": {
				"up": {"uv": [0, 0, 16, 16], "texture": "#12"}
			}
		},
		{
			"from": [7.75, 3, 8.5],
			"to": [8.25, 3.5, 9],
			"shade": false,
			"faces": {
				"up": {"uv": [0, 0, 16, 16], "texture": "#12"}
			}
		},
		{
			"from": [7.75, 3, 9],
			"to": [8.25, 3.5, 9.5],
			"shade": false,
			"faces": {
				"up": {"uv": [0, 0, 16, 16], "texture": "#12"}
			}
		},
		{
			"from": [7.75, 3, 9.5],
			"to": [8.25, 3.5, 10],
			"shade": false,
			"faces": {
				"south": {"uv": [0, 0, 16, 16], "texture": "#12"},
				"up": {"uv": [0, 0, 16, 16], "texture": "#12"}
			}
		},
		{
			"from": [7.75, 3, 12.5],
			"to": [8.25, 3.5, 13],
			"shade": false,
			"faces": {
				"north": {"uv": [0, 0, 16, 16], "texture": "#11"},
				"east": {"uv": [0, 0, 16, 16], "texture": "#11"},
				"south": {"uv": [0, 0, 16, 16], "texture": "#11"},
				"west": {"uv": [0, 0, 16, 16], "texture": "#11"},
				"up": {"uv": [0, 0, 16, 16], "texture": "#11"}
			}
		},
		{
			"from": [8.25, 3, 4.5],
			"to": [8.75, 3.5, 5],
			"shade": false,
			"faces": {
				"north": {"uv": [0, 0, 16, 16], "texture": "#13"},
				"east": {"uv": [0, 0, 16, 16], "texture": "#13"},
				"up": {"uv": [0, 0, 16, 16], "texture": "#13"}
			}
		},
		{
			"from": [8.25, 3, 5],
			"to": [8.75, 3.5, 5.5],
			"shade": false,
			"faces": {
				"east": {"uv": [0, 0, 16, 16], "texture": "#12"},
				"up": {"uv": [0, 0, 16, 16], "texture": "#12"}
			}
		},
		{
			"from": [8.25, 3, 5.5],
			"to": [8.75, 3.5, 6],
			"shade": false,
			"faces": {
				"east": {"uv": [0, 0, 16, 16], "texture": "#10"},
				"up": {"uv": [0, 0, 16, 16], "texture": "#10"}
			}
		},
		{
			"from": [8.25, 3, 6],
			"to": [8.75, 3.5, 6.5],
			"shade": false,
			"faces": {
				"east": {"uv": [0, 0, 16, 16], "texture": "#10"},
				"up": {"uv": [0, 0, 16, 16], "texture": "#10"}
			}
		},
		{
			"from": [8.25, 3, 6.5],
			"to": [8.75, 3.5, 7],
			"shade": false,
			"faces": {
				"east": {"uv": [0, 0, 16, 16], "texture": "#10"},
				"up": {"uv": [0, 0, 16, 16], "texture": "#10"}
			}
		},
		{
			"from": [8.25, 3, 7],
			"to": [8.75, 3.5, 7.5],
			"shade": false,
			"faces": {
				"east": {"uv": [0, 0, 16, 16], "texture": "#10"},
				"up": {"uv": [0, 0, 16, 16], "texture": "#10"}
			}
		},
		{
			"from": [8.25, 3, 7.5],
			"to": [8.75, 3.5, 8],
			"shade": false,
			"faces": {
				"east": {"uv": [0, 0, 16, 16], "texture": "#10"},
				"up": {"uv": [0, 0, 16, 16], "texture": "#10"}
			}
		},
		{
			"from": [8.25, 3, 8],
			"to": [8.75, 3.5, 8.5],
			"shade": false,
			"faces": {
				"east": {"uv": [0, 0, 16, 16], "texture": "#10"},
				"up": {"uv": [0, 0, 16, 16], "texture": "#10"}
			}
		},
		{
			"from": [8.25, 3, 8.5],
			"to": [8.75, 3.5, 9],
			"shade": false,
			"faces": {
				"east": {"uv": [0, 0, 16, 16], "texture": "#10"},
				"up": {"uv": [0, 0, 16, 16], "texture": "#10"}
			}
		},
		{
			"from": [8.25, 3, 9],
			"to": [8.75, 3.5, 9.5],
			"shade": false,
			"faces": {
				"east": {"uv": [0, 0, 16, 16], "texture": "#10"},
				"up": {"uv": [0, 0, 16, 16], "texture": "#10"}
			}
		},
		{
			"from": [8.25, 3, 9.5],
			"to": [8.75, 3.5, 10],
			"shade": false,
			"faces": {
				"east": {"uv": [0, 0, 16, 16], "texture": "#10"},
				"south": {"uv": [0, 0, 16, 16], "texture": "#10"},
				"up": {"uv": [0, 0, 16, 16], "texture": "#10"}
			}
		},
		{
			"from": [7.4375, 3.5, 5.1875],
			"to": [7.5625, 4, 5.3125],
			"shade": false,
			"faces": {
				"north": {"uv": [6, 0, 10, 16], "texture": "#14"},
				"east": {"uv": [6, 0, 10, 16], "texture": "#14"},
				"south": {"uv": [6, 0, 10, 16], "texture": "#14"},
				"west": {"uv": [6, 0, 10, 16], "texture": "#14"},
				"up": {"uv": [6, 6, 10, 10], "texture": "#14"}
			}
		},
		{
			"from": [7.9375, 3.5, 5.6875],
			"to": [8.0625, 4, 5.8125],
			"shade": false,
			"faces": {
				"north": {"uv": [6, 0, 10, 16], "texture": "#14"},
				"east": {"uv": [6, 0, 10, 16], "texture": "#14"},
				"south": {"uv": [6, 0, 10, 16], "texture": "#14"},
				"west": {"uv": [6, 0, 10, 16], "texture": "#14"},
				"up": {"uv": [6, 6, 10, 10], "texture": "#14"}
			}
		},
		{
			"from": [7.9375, 3.5, 7.1875],
			"to": [8.0625, 4, 7.3125],
			"shade": false,
			"faces": {
				"north": {"uv": [6, 0, 10, 16], "texture": "#14"},
				"east": {"uv": [6, 0, 10, 16], "texture": "#14"},
				"south": {"uv": [6, 0, 10, 16], "texture": "#14"},
				"west": {"uv": [6, 0, 10, 16], "texture": "#14"},
				"up": {"uv": [6, 6, 10, 10], "texture": "#14"}
			}
		},
		{
			"from": [7.9375, 3.5, 9.1875],
			"to": [8.0625, 4, 9.3125],
			"shade": false,
			"faces": {
				"north": {"uv": [6, 0, 10, 16], "texture": "#14"},
				"east": {"uv": [6, 0, 10, 16], "texture": "#14"},
				"south": {"uv": [6, 0, 10, 16], "texture": "#14"},
				"west": {"uv": [6, 0, 10, 16], "texture": "#14"},
				"up": {"uv": [6, 6, 10, 10], "texture": "#14"}
			}
		},
		{
			"from": [8.4375, 3.5, 8.1875],
			"to": [8.5625, 4, 8.3125],
			"shade": false,
			"faces": {
				"north": {"uv": [6, 0, 10, 16], "texture": "#14"},
				"east": {"uv": [6, 0, 10, 16], "texture": "#14"},
				"south": {"uv": [6, 0, 10, 16], "texture": "#14"},
				"west": {"uv": [6, 0, 10, 16], "texture": "#14"},
				"up": {"uv": [6, 6, 10, 10], "texture": "#14"}
			}
		}
	],
	"display": {
		"head": {
			"translation": [0, 29, 0],
			"scale": [4, 4, 4]
		}
	},
	"groups": [
		{
			"name": "structure",
			"origin": [8, 8, 8],
			"color": 0,
			"children": [
				0,
				1,
				2,
				3,
				4,
				5,
				6,
				7,
				8,
				9,
				10,
				11,
				12,
				13,
				14,
				15,
				16,
				17,
				18,
				19,
				20,
				21,
				22,
				23,
				24,
				25,
				26,
				27,
				28,
				29,
				30,
				31,
				32,
				33,
				34,
				35,
				36,
				37,
				38,
				39,
				40,
				41,
				42,
				43,
				44,
				45,
				46,
				47,
				48,
				49,
				50,
				51,
				52,
				53,
				54,
				55,
				56,
				57,
				58,
				59,
				60,
				61,
				62,
				63,
				64,
				65,
				66,
				67,
				68,
				69,
				70,
				71,
				72,
				73,
				74,
				75,
				76,
				77,
				78,
				79,
				80,
				81,
				82,
				83,
				84,
				85,
				86,
				87,
				88,
				89,
				90,
				91,
				92,
				93,
				94,
				95,
				96,
				97,
				98,
				99,
				100,
				101,
				102,
				103,
				104,
				105,
				106,
				107,
				108,
				109,
				110,
				111,
				112,
				113,
				114,
				115,
				116,
				117,
				118,
				119,
				120,
				121,
				122,
				123,
				124,
				125,
				126,
				127,
				128,
				129,
				130,
				131,
				132,
				133,
				134,
				135,
				136,
				137,
				138,
				139,
				140,
				141,
				142,
				143,
				144,
				145,
				146,
				147,
				148,
				149,
				150,
				151,
				152,
				153,
				154,
				155,
				156,
				157,
				158,
				159,
				160,
				161,
				162,
				163,
				164,
				165,
				166,
				167,
				168,
				169,
				170,
				171,
				172,
				173,
				174,
				175,
				176,
				177,
				178,
				179,
				180,
				181,
				182,
				183,
				184,
				185,
				186,
				187,
				188,
				189,
				190,
				191,
				192,
				193,
				194,
				195,
				196,
				197,
				198,
				199,
				200,
				201,
				202,
				203,
				204,
				205,
				206,
				207,
				208,
				209,
				210,
				211,
				212,
				213,
				214,
				215,
				216,
				217,
				218,
				219,
				220,
				221,
				222,
				223,
				224,
				225,
				226,
				227,
				228,
				229,
				230,
				231,
				232,
				233,
				234,
				235,
				236,
				237,
				238,
				239,
				240,
				241,
				242,
				243,
				244,
				245,
				246,
				247,
				248,
				249,
				250,
				251,
				252,
				253,
				254,
				255,
				256,
				257,
				258,
				259,
				260,
				261,
				262,
				263,
				264
			]
		}
	]
}