{
	"type": "origins:active_self",
	"entity_action": {
        "type": "origins:execute_command",
		"command": "function sizeshifter:sizeo_1"
    },
	"cooldown": 0,
	"hud_render": {
		"should_render": true,
		"sprite_location": "origins:textures/gui/community/spiderkolo/resource_bar_02.png",
		"bar_index": 0
	},
	"key": {
        "key": "key.origins.ternary_active",
        "continuous": false
    },
	"name": "Grow Others",
	"description": "You can channel your powers into an aura 5 blocks around you. Anyone non-player creature will grow."
}