{
	"powers": [
		"robin_submariner:treasure/open_treasure_building",
		"robin_submariner:treasure/open_treasure_food",
		"robin_submariner:treasure/open_treasure_minerals",
		"robin_submariner:treasure/open_treasure_rarities",
		"robin_submariner:treasure/open_treasure_tools",
		"robin_submariner:generate_treasure",
		"robin_submariner:hide_item",
		"robin_submariner:hide",
		"robin_submariner:manage_sub",
		"robin_submariner:retrieve_treasure",
		"robin_submariner:sub_inventory",
		"robin_submariner:sub_breathing",
		"robin_submariner:sub_speed"
		
	],
	"icon": "minecraft:chest",
	"order": 10,
	"impact": 0,
	"name": "Submariner",
	"description": "You are a treasure hunter that uses a submarine to hunt for precious rarities."
}
