{
	"powers": [
		"timekeeper:decrease_speed",
		"timekeeper:fast_time",
		"timekeeper:increase_speed",
		"timekeeper:reg_time",
		"timekeeper:self_free",
		"timekeeper:self_free2",
		"timekeeper:self_toggle",
		"timekeeper:slow_time",
		"timekeeper:time_resource",
		"timekeeper:waterwalk",
		"origins:fall_immunity",
		"origins:carnivore",
		"origins:claustrophobia",
		"origins:translucent"
	],
	"icon": "minecraft:clock",
	"order": 8,
	"impact": 2,
	"name": "Time Manipulator",
	"description":"A race that is imbued with time maniplating powers. They can freeze time, or speed it up whenever it suits them"
}