{
	"powers": [
		"origins:aerial_combatant",
		"origins:aqua_affinity",
		"origins:aquatic",
		"origins:arthropod",
		"origins:burning_wrath",
		"origins:scare_creepers",
		"origins:cat_vision",
		"omnigin:climbing",
		"origins:conduit_power_on_land",
		"origins:slow_falling",
		"origins:elytra",
		"origins:extra_reach",
		"origins:fall_immunity",
		"origins:fire_immunity",
		"origins:hotblooded",
		"origins:invisibility",
		"omnigin:launch_into_air",
		"origins:lay_eggs",
		"origins:like_water",
		"origins:like_air",
		"omnigin:master_of_webs",
		"origins:natural_armor",
		"origins:no_cobweb_slowdown",
		"omnigin:phantomize",
		"origins:phantomize_overlay",
		"origins:phasing",
		"origins:scare_creepers",
		"omnigin:shulker_inventory",
		"origins:sprint_jump",
		"origins:strong_arms",
		"origins:strong_arms_break_speed",
		"origins:swim_speed",
		"origins:tailwind",
		"origins:velvet_paws",
		"omnigin:throw_ender_pearl",
		"origins:translucent",
		"origins:water_breathing",
		"omnigin:water_vision",
		"origins:webbing",
		"origins:air_from_potions",
		"origins:conduit_power_on_land",
		"origins:ender_particles",
		"origins:flame_particles",
		"origins:no_cobweb_slowdown"
	],
	"icon": "minecraft:structure_void",
	"order": 8,
	"impact": 3,
	"name": "Omnigin",
	"description": "Oh lord, what have I created."
}