{
    "type": "origins:action_on_callback",
    "entity_action_gained": {
        "type": "origins:and",
        "actions": [
            {
                "type": "origins:modify_inventory",
                "inventory_type": "power",
                "power": "robin_submariner:sub_inventory",
                "slot": "container.3",
                "item_condition": {
                    "type": "origins:nbt",
                    "nbt": "{display:{Lore:['{\"text\":\"Tool Treasure Chest\"}']}}"
                },
                "item_action": {
                    "type": "origins:modify",
                    "modifier": "robin_submariner:increment"
                }
            },
            {
                "type": "origins:replace_inventory",
                "inventory_type": "power",
                "power": "robin_submariner:sub_inventory",
                "slot": "container.3",
                "item_condition": {
                    "type": "origins:empty"
                },
                "stack": {
                    "item": "minecraft:chest"
                }
            },
            {
                "type": "origins:modify_inventory",
                "inventory_type": "power",
                "power": "robin_submariner:sub_inventory",
                "slot": "container.3",
                "item_condition": {
                    "type": "origins:nbt",
                    "nbt": "{display:{Lore:['{\"text\":\"Tool Treasure Chest\"}']}}",
                    "inverted": true
                },
                "item_action": {
                    "type": "origins:modify",
                    "modifier": "robin_submariner:tool_treasure_chest"
                }
            },
            {
                "type": "origins:revoke_power",
                "power": "robin_submariner:treasure/add_treasure_tools",
                "source": "robin_submariner:treasure_get"
            }
        ]
    },
    "hidden": true
}