{
    "type": "origins:item_on_item",
    "on_item_condition": {
        "type": "origins:nbt",
        "nbt": "{display: {Lore:['{\"text\":\"Building Treasure Chest\"}']}}"
    },
    "using_item_condition": {
        "type": "origins:empty"
    },
    "on_item_action": {
        "type": "origins:consume",
        "amount": 1
    },
    "entity_action": {
        "type": "origins:execute_command",
        "command": "loot give @s loot robin_submariner:building_blocks"
    },
    "hidden": true
}