{
    "type": "origins:item_on_item",
    "on_item_condition": {
        "type": "origins:nbt",
        "nbt": "{display: {Lore:['{\"text\":\"Tool Treasure Chest\"}']}}"
    },
    "using_item_condition": {
        "type": "origins:empty"
    },
    "on_item_action": {
        "type": "origins:consume",
        "amount": 1
    },
    "entity_action": {
        "type": "origins:execute_command",
        "command": "loot give @s loot robin_submariner:tools"
    },
    "name": "Treasure Opening",
    "description": "By right clicking a treasure check in your inventory, you can open it to retrieve the loot."
}