{
	"powers": [
		"sizeshifter:disable_size_change",
		"sizeshifter:grow",
		"sizeshifter:growo",
		"sizeshifter:growth_resource",
		"sizeshifter:lower_damage",
		"sizeshifter:reenable_size_change",
		"sizeshifter:reset_scale",
		"sizeshifter:shrink",
		"sizeshifter:shrinko",
		"sizeshifter:size_manager",
		"sizeshifter:small_climb",
		"origins:fall_immunity",
		"origins:carnivore",
		"origins:hunger_over_time",
		"origins:no_shield"
	],
	"icon": "minecraft:red_mushroom",
	"order": 8,
	"impact": 2,
	"name": "Size Shifter",
	"description":"A race that is imbued with size altering powers. They can change the size of themselves, and others around them."
}