{
  "pools": [
    {
      "rolls": 2,
      "entries": [
        {
          "type": "minecraft:item",
          "weight": 15,
          "quality": 1,
          "name": "minecraft:bread"
        },
        {
          "type": "minecraft:item",
          "weight": 20,
          "quality": 1,
          "name": "minecraft:apple"
        },
        {
          "type": "minecraft:item",
          "weight": 10,
          "quality": 1,
          "name": "minecraft:golden_apple"
        },
        {
          "type": "minecraft:item",
          "weight": 20,
          "quality": 1,
          "name": "minecraft:carrot"
        },
        {
          "type": "minecraft:item",
          "weight": 10,
          "quality": 1,
          "name": "minecraft:cooked_chicken"
        },
        {
          "type": "minecraft:item",
          "weight": 10,
          "quality": 1,
          "name": "minecraft:cooked_mutton"
        },
        {
          "type": "minecraft:item",
          "weight": 17,
          "quality": 1,
          "name": "minecraft:cooked_beef"
        },
        {
          "type": "minecraft:item",
          "weight": 10,
          "quality": 1,
          "name": "minecraft:cookie"
        },
        {
          "type": "minecraft:item",
          "weight": 12,
          "quality": 1,
          "name": "minecraft:pumpkin_pie"
        }
      ]
    }
  ]
}
