{
  "pools": [
    {
      "rolls": 2,
      "entries": [
        {
          "type": "minecraft:item",
          "weight": 15,
          "quality": 1,
          "name": "minecraft:raw_iron"
        },
        {
          "type": "minecraft:item",
          "weight": 20,
          "quality": 1,
          "name": "minecraft:iron_nugget"
        },
        {
          "type": "minecraft:item",
          "weight": 5,
          "quality": 1,
          "name": "minecraft:diamond"
        },
        {
          "type": "minecraft:item",
          "weight": 20,
          "quality": 1,
          "name": "minecraft:gold_nugget"
        },
        {
          "type": "minecraft:item",
          "weight": 10,
          "quality": 1,
          "name": "minecraft:raw_gold"
        },
        {
          "type": "minecraft:item",
          "weight": 10,
          "quality": 1,
          "name": "minecraft:raw_copper"
        },
        {
          "type": "minecraft:item",
          "weight": 17,
          "quality": 1,
          "name": "minecraft:coal"
        }
      ]
    }
  ]
}
