{
  "pools": [
    {
      "rolls": 1,
      "bonus_rolls": 0,
      "entries": [
        {
          "type": "minecraft:item",
          "weight": 20,
          "name": "minecraft:enchanted_golden_apple"
        },
        {
          "type": "minecraft:item",
          "weight": 20,
          "name": "minecraft:shulker_shell"
        },
        {
          "type": "minecraft:item",
          "weight": 20,
          "name": "minecraft:netherite_scrap"
        },
        {
          "type": "minecraft:item",
          "weight": 20,
          "name": "minecraft:wither_skeleton_skull"
        },
        {
          "type": "minecraft:item",
          "weight": 1,
          "name": "origins:orb_of_origin"
        },
        {
          "type": "minecraft:item",
          "weight": 20,
          "name": "minecraft:recovery_compass"
        },
        {
          "type": "minecraft:item",
          "weight": 20,
          "name": "minecraft:enchanted_book",
          "functions": [
            {
              "function": "minecraft:set_enchantments",
              "enchantments": {
                "minecraft:mending": 1
              }
            }
          ]
        }
      ]
    }
  ]
}
