{
	"powers": [
		"omnigin:aerial_combatant",
		"omnigin:aqua_affinity",
		"omnigin:arthropod",
		"omnigin:burning_wrath",
		"omnigin:cat_vision",
		"omnigin:climbing",
		"omnigin:conduit_power_on_land",
		"omnigin:elytra",
		"omnigin:extra_reach",
		"omnigin:fall_immunity",
		"omnigin:fire_immunity",
		"omnigin:hotblooded",
		"omnigin:invisibility",
		"omnigin:launch_into_air",
		"omnigin:lay_eggs",
		"omnigin:like_water",
		"omnigin:master_of_webs",
		"omnigin:natural_armor",
		"omnigin:no_cobweb_slowdown",
		"omnigin:phantomize",
		"omnigin:phasing",
		"omnigin:scare_creepers",
		"omnigin:shulker_inventory",
		"omnigin:sprint_jump",
		"omnigin:strong_arms",
		"omnigin:strong_arms_break_speed",
		"omnigin:swim_speed",
		"omnigin:tailwind",
		"omnigin:throw_ender_pearl",
		"omnigin:translucent",
		"omnigin:water_breathing",
		"omnigin:water_vision",
		"omnigin:webbing"
	],
	"icon": "minecraft:structure_void",
	"order": 8,
	"impact": 2,
	"name": "Omnigin",
	"description": "Oh lord, what have I created."
}