{
	"type": "origins:active_self",
	"entity_action": {
		"type": "origins:if_else",
		"condition": {
			"type": "origins:resource",
			"resource": "sizeshifter:growth_resource",
			"comparison": "<=",
			"compare_to": 0
		},
		"if_action": {
			"type": "origins:exhaust",
			"amount": 0.4
		},
		"else_action": {
			"type": "origins:change_resource",
			"resource": "sizeshifter:growth_resource",
			"change": -1
		}
	},
	"cooldown": 60,
	"hud_render": {
		"should_render": true,
		"sprite_location": "origins:textures/gui/community/spiderkolo/resource_bar_02.png",
		"bar_index": 0
	},
	"key": {
        "key": "key.origins.secondary_active",
        "continuous": false
    },
	"name": "Shrink Self",
	"description": "You can make yourself shrink"
}