{
    "type": "origins:action_over_time",
    "entity_action": {
		"type": "origins:if_else",
		"condition": {
			"type": "origins:and",
			"conditions": [
			{
				"type": "origins:power_active",
				"power": "timekeeper:slow_time"
			},
			{
				"type": "origins:power_active",
				"power": "timekeeper:self_toggle"
			}
			]
		},
		"if_action": {
			"type": "origins:and",
			"actions": [
			{
				"type": "origins:apply_effect",
				"effect": {
					"effect": "minecraft:mining_fatigue",
					"duration": 9999,
					"amplifier": 0,
					"show_particles": false
				}
			},
			{    
				"type": "origins:apply_effect",
				"effect": {
					"effect": "minecraft:jump_boost",
					"duration": 9999,
					"amplifier": 16,
					"show_particles": false
				}
			}
			]
			
		},
		"else_action": {
		"type": "origins:and",
			"actions": [
			{
				"type": "origins:clear_effect",
				"effect": "minecraft:jump_boost"
			},
			{    
				"type": "origins:clear_effect",
				"effect": "minecraft:mining_fatigue"
			}
			]
			
		}
    },
    "interval": 2,
    "hud_render": {
        "should_render": false
    },
	"name": "Free yourself",
	"description": "Free's yourself from any changes made to time."
}