{
	"powers": [
		"sizeshifter_limitless:grow",
		"sizeshifter_limitless:growo",
		"sizeshifter_limitless:lower_damage",
		"sizeshifter_limitless:more_exhaustion",
		"sizeshifter_limitless:shrink",
		"sizeshifter_limitless:shrinko",
		"sizeshifter_limitless:small_climb",
		"origins:fall_immunity",
		"origins:carnivore",
		"origins:no_shield"
	],
	"icon": "minecraft:red_mushroom",
	"order": 8,
	"impact": 2,
	"name": "Size Shifter Limitless",
	"description":"A race that is imbued with size altering powers. They can change the size of themselves, and others around them."
}