{ 
	"custom.no_hearts": { 
		"category": "master", 
		"sounds": [ 
			"parouge:custom/no_hearts" 
		] 
	},
	"custom.drop_item": { 
		"category": "master", 
		"sounds": [ 
			"parouge:custom/drop_item" 
		] 
	},
	"custom.move_player": { 
		"category": "master", 
		"sounds": [ 
			"parouge:custom/move_player" 
		] 
	},
	"custom.hello": { 
		"category": "master", 
		"sounds": [ 
			"parouge:custom/hello" 
		] 
	},
	"custom.hum": { 
		"category": "master", 
		"sounds": [ 
			"parouge:custom/hum" 
		] 
	},
	"custom.i_see_you": { 
		"category": "master", 
		"sounds": [ 
			"parouge:custom/i_see_you" 
		] 
	},
	"custom.ill_be_right_there": { 
		"category": "master", 
		"sounds": [ 
			"parouge:custom/ill_be_right_there" 
		] 
	},
	"custom.im_behind_you": { 
		"category": "master", 
		"sounds": [ 
			"parouge:custom/im_behind_you" 
		] 
	},
	"custom.im_here": { 
		"category": "master", 
		"sounds": [ 
		"parouge:custom/where_are_you_going" 
		] 	
	},
	"custom.lily_pad": { 
		"category": "master", 
		"sounds": [ 
		"parouge:custom/lily_pad" 
		] 	
	},
	"custom.chest": { 
		"category": "master", 
		"sounds": [ 
		"parouge:custom/chest" 
		] 	
	},
	"custom.piston": { 
		"category": "master", 
		"sounds": [ 
		"parouge:custom/piston" 
		] 	
	},
	"custom.cake": { 
		"category": "master", 
		"sounds": [ 
		"parouge:custom/cake" 
		] 	
	}
}