{
    "type": "origins:action_over_time",
    "entity_action": {
		"type": "origins:if_else",
		"condition": {
			"type": "origins:and",
			"conditions": [
			{
				"type": "origins:power_active",
				"power": "timekeeper:slow_time"
			},
			{
				"type": "origins:power_active",
				"power": "timekeeper:self_toggle",
				"inverted": true
			}
			]
		},
		"if_action": {
			"type": "origins:execute_command",
			"command": "function timekeeper:self_free"
		},
		"else_action": {  
			"type": "origins:execute_command",
			"command": "function timekeeper:selfn_free"
		}
    },
    "interval": 2,
    "hud_render": {
        "should_render": false
    },
	"hidden": true
}