{
    "type": "origins:prevent_entity_use",
    "bientity_action": {
        "type":"origins:and",
        "actions": [
            {
                "type": "origins:target_action",
                "action": {
                    "type": "origins:execute_command",
                    "command": "tag @s add sizeshifter_dont_shift"
                }
            },
            {
                "type": "origins:actor_action",
                "action": {
                    "type": "origins:if_else",
                    "condition": {
                        "type":"origins:equipped_item",
                        "equipment_slot": "mainhand",
                        "item_condition": {
                            "type": "origins:ingredient",
                            "ingredient": {
                                "item": "minecraft:red_mushroom"
                            }
                        }
                    },
                    "if_action": {
                        "type":"origins:equipped_item_action",
                        "equipment_slot": "mainhand",
                        "action": {
                            "type": "origins:consume",
                            "amount": 1
                        }
                    },
                    "else_action": {
                        "type":"origins:equipped_item_action",
                        "equipment_slot": "offhand",
                        "action": {
                            "type": "origins:consume",
                            "amount": 1
                        }
                    }
                }
            }
        ]
        
    },
    "bientity_condition": {
        "type":"origins:and",
        "conditions": [
            {
                "type": "origins:target_condition",
                "condition": {
                    "type": "origins:entity_type",
                    "entity_type": "minecraft:player",
                    "inverted": true
                }
            },
            {
                "type": "origins:actor_condition",
                "condition": {
                    "type": "origins:or",
                    "conditions": [
                        {
                            "type":"origins:equipped_item",
                            "equipment_slot": "mainhand",
                            "item_condition": {
                                "type": "origins:ingredient",
                                "ingredient": {
                                    "item": "minecraft:red_mushroom"
                                }
                            }
                        },
                        {
                            "type":"origins:equipped_item",
                            "equipment_slot": "offhand",
                            "item_condition": {
                                "type": "origins:ingredient",
                                "ingredient": {
                                    "item": "minecraft:red_mushroom"
                                }
                            }
                        }
                    ]
                }
            }
        ]
        
    }
}