{
    "type": "origins:action_over_time",
    "entity_action": {
        "type": "origins:if_else_list",
        "actions": [
            {
                "condition": {
                    "type": "origins:resource",
                    "resource": "sizeshifter:growth_resource",
                    "comparison": "==",
                    "compare_to": 0
                },
                "action": {
                    "type": "origins:execute_command",
		            "command": "execute if entity @s[tag=!sizeshifter_dont_shift] run function sizeshifter:size_0"
                }
            },
            {
                "condition": {
                    "type": "origins:resource",
                    "resource": "sizeshifter:growth_resource",
                    "comparison": "==",
                    "compare_to": 1
                },
                "action": {
                    "type": "origins:execute_command",
		            "command": "execute if entity @s[tag=!sizeshifter_dont_shift] run function sizeshifter:size_1"
                }
            },
            {
                "condition": {
                    "type": "origins:resource",
                    "resource": "sizeshifter:growth_resource",
                    "comparison": "==",
                    "compare_to": 2
                },
                "action": {
                    "type": "origins:execute_command",
		            "command": "execute if entity @s[tag=!sizeshifter_dont_shift] run function sizeshifter:size_2"
                }
            },
            {
                "condition": {
                    "type": "origins:resource",
                    "resource": "sizeshifter:growth_resource",
                    "comparison": "==",
                    "compare_to": 3
                },
                "action": {
                    "type": "origins:execute_command",
		            "command": "execute if entity @s[tag=!sizeshifter_dont_shift] run function sizeshifter:size_3"
                }
            },
            {
                "condition": {
                    "type": "origins:resource",
                    "resource": "sizeshifter:growth_resource",
                    "comparison": "==",
                    "compare_to": 4
                },
                "action": {
                    "type": "origins:execute_command",
		            "command": "execute if entity @s[tag=!sizeshifter_dont_shift] run function sizeshifter:size_4"
                }
            }
        ]
    },
    "interval": 20,
	"hidden": true
}