{
	"powers": [
		"sizeshifter:growth_resource",
		"sizeshifter:grow",
		"sizeshifter:growo",
		"sizeshifter:shrink",
		"sizeshifter:shrinko",
		"sizeshifter:size_0",
		"sizeshifter:size_1",
		"sizeshifter:size_2",
		"sizeshifter:size_3",
		"sizeshifter:size_4",
		"sizeshifter:small_climb",
		"sizeshifter:lower_damage",
		"origins:fall_immunity",
		"origins:carnivore",
		"origins:hunger_over_time",
		"origins:no_shield"
	],
	"icon": "minecraft:red_mushroom",
	"order": 8,
	"impact": 2,
	"name": "Size Shifter",
	"description":"A race that is imbued with size altering powers. They can change the size of themselves, and others around them."
}