{
	"type": "origins:active_self",
	"entity_action": {
        "type": "origins:execute_command",
		"command": "function sizeshifter_limitless:size_1"
    },
	"cooldown": 60,
	"hud_render": {
		"should_render": true,
		"sprite_location": "origins:textures/gui/community/spiderkolo/resource_bar_02.png",
		"bar_index": 0
	},
	"key": {
        "key": "key.origins.primary_active",
        "continuous": false
    },
	"name": "Grow Self",
	"description": "You can make yourself bigger."
}